Date,ULTRACEMCO,SHREECEM,GRASIM,AMBUJACEM,ACC,DALBHARAT,RAMCOCEM,JKLAKSHMI,BIRLACORPN,HEIDELBERG,JKCEMENT,ORIENTCEM,PRISMCEM,NCLIND,BURNPUR,SOMANYCERA,CERA,HSIL,ASTRAL,SUPREMEIND
2024-01-01,10464.0,28461.6,2118.88,534.3,2243.3,2361.25,1014.35,904.8,1499.65,232.8,3827.2,262.5,184.35,225.95,32.0,724.7,7912.45,168.65,1904.95,4476.15
2024-01-02,10204.7,28088.55,2093.13,530.9,2267.3,2320.55,1018.75,890.7,1469.65,231.85,3851.4,268.95,182.25,233.55,32.5,721.45,7837.95,171.75,1899.7,4484.2
2024-01-03,10111.55,28221.75,2063.99,536.1,2280.2,2307.65,1005.65,881.25,1427.2,230.95,3847.25,275.0,181.3,227.45,33.0,728.45,7776.95,175.45,1861.1,4437.65
2024-01-04,10014.8,28357.9,2062.0,549.45,2358.2,2361.0,1012.9,894.2,1429.6,229.65,3900.0,278.85,183.2,228.3,33.0,715.7,7747.0,193.9,1853.3,4398.45
2024-01-05,10016.05,27023.3,2071.26,542.35,2377.45,2390.7,1028.1,877.35,1434.2,230.05,3930.6,279.35,183.8,228.45,32.5,698.65,7725.95,189.5,1841.15,4379.65
2024-01-08,9934.5,27329.65,2059.51,530.2,2354.75,2330.35,996.9,868.6,1425.6,223.4,4007.1,279.95,181.15,227.0,32.5,695.9,7786.9,183.3,1808.05,4363.7
2024-01-09,9899.1,27312.9,2055.88,525.2,2309.65,2306.75,993.1,842.15,1450.0,227.2,4029.2,275.55,181.75,226.2,33.0,702.7,7776.55,191.5,1822.2,4284.35
2024-01-10,9776.2,26842.15,2068.55,526.15,2306.6,2288.6,974.1,841.95,1446.45,229.45,4052.95,272.5,181.4,227.65,32.75,694.95,7742.6,198.65,1810.95,4306.1
2024-01-11,9920.45,26909.95,2083.7,538.25,2321.75,2307.3,988.8,873.9,1439.8,230.9,4045.55,268.65,181.5,224.3,33.0,696.4,7762.8,204.75,1812.35,4228.9
2024-01-12,9808.45,26874.0,2111.55,532.4,2332.4,2303.5,993.65,870.0,1430.05,229.45,4047.95,283.5,186.6,223.35,33.5,691.05,8017.5,201.55,1811.85,4216.75
2024-01-15,9954.55,26813.7,2101.0,531.45,2320.4,2293.25,981.15,875.6,1452.8,225.4,4076.8,278.3,189.1,224.5,35.0,694.4,8050.2,201.55,1802.75,4158.6
2024-01-16,9969.6,27082.1,2115.2,528.7,2294.45,2258.35,989.25,874.85,1435.0,225.45,4130.0,271.3,181.9,222.15,36.75,705.3,8055.8,178.25,1794.15,4162.9
2024-01-17,9854.65,26137.0,2067.85,520.55,2251.8,2191.7,951.65,849.35,1393.95,221.0,4035.6,264.35,183.85,219.75,38.5,692.2,8027.95,184.15,1774.7,4062.6
2024-01-18,9892.25,26477.15,2053.65,524.15,2260.1,2181.45,950.85,862.15,1376.95,221.7,3994.0,268.95,184.0,220.3,36.75,696.7,7934.3,186.4,1791.4,3924.5
2024-01-19,10093.7,26649.5,2081.2,537.1,2277.1,2214.4,957.6,873.55,1436.2,226.45,4053.25,269.1,182.65,221.65,36.0,702.75,8170.4,180.45,1850.75,4123.5
2024-01-23,9831.0,27493.75,2049.6,525.05,2207.95,2108.9,940.65,865.8,1390.45,217.85,3948.15,254.9,167.25,220.7,36.0,691.3,8157.6,179.15,1774.4,4162.65
2024-01-24,9990.5,27635.15,2071.3,527.45,2240.6,2154.75,962.95,883.05,1401.5,221.95,4138.0,279.8,167.75,223.45,35.0,676.5,8196.45,176.0,1827.85,4103.55
2024-01-25,9969.35,27948.8,2076.5,560.15,2467.65,2205.05,968.85,930.9,1395.3,225.3,4167.45,274.65,168.15,225.75,35.0,669.7,8186.85,178.7,1800.05,4014.85
2024-01-29,10274.05,28411.55,2104.5,574.1,2492.9,2256.45,985.55,937.1,1470.3,235.4,4306.2,279.15,172.9,233.8,34.75,675.95,8182.25,180.7,1868.75,4168.35
2024-01-30,9963.6,28077.75,2126.15,570.85,2513.15,2260.05,985.15,900.85,1528.1,237.35,4330.95,279.2,172.55,238.85,34.25,684.9,8224.0,182.0,1876.45,4210.4
2024-01-31,10167.35,28556.25,2175.0,560.3,2544.3,2279.8,1018.2,935.85,1532.85,234.55,4363.4,282.55,180.75,246.7,35.5,708.5,8253.7,185.25,1830.4,4129.95
2024-02-01,9922.3,29613.55,2128.6,565.05,2530.0,2280.4,987.05,929.85,1618.2,229.35,4406.9,286.65,171.05,239.95,37.0,748.4,8262.9,182.95,1889.2,4070.55
2024-02-02,10098.55,28453.95,2139.45,557.4,2499.45,2259.1,993.05,919.5,1533.95,222.75,4366.2,279.9,170.2,243.6,37.75,736.8,8239.35,181.4,1902.45,4137.7
2024-02-05,9916.35,26954.8,2089.75,555.0,2486.2,2193.55,979.25,928.3,1482.95,224.85,4317.3,267.0,170.25,241.15,38.0,726.75,8239.95,176.6,1874.8,4175.65
2024-02-06,10048.75,27569.4,2066.0,566.6,2528.25,2189.75,989.7,920.85,1519.2,226.6,4339.6,277.35,173.35,245.35,37.5,734.95,8220.2,174.3,1888.75,4148.75
2024-02-07,10226.5,28116.3,2111.5,568.2,2505.55,2170.8,995.0,925.5,1528.75,223.85,4341.7,272.25,170.95,242.35,36.0,715.35,8252.4,178.0,1894.35,4183.6
2024-02-08,9997.65,27370.2,2057.3,563.35,2510.85,2100.35,974.35,917.3,1592.85,222.85,4214.0,266.9,170.1,240.25,34.5,693.75,8239.75,176.75,1873.45,4109.35
2024-02-09,9945.75,27630.1,2168.5,576.2,2628.05,2127.2,901.75,935.95,1696.15,220.6,4231.25,263.7,183.0,242.7,36.0,695.2,8039.2,174.3,1852.45,4054.2
2024-02-12,9963.85,27265.5,2147.35,563.5,2636.35,2052.15,882.05,906.9,1691.35,215.8,4234.8,258.55,170.15,238.05,36.5,679.9,7661.4,166.95,1938.4,3935.8
2024-02-13,9852.4,27249.65,2064.15,568.25,2614.6,2062.9,868.3,886.05,1651.85,219.2,4231.45,254.35,173.2,234.3,35.75,686.8,7535.25,169.3,1899.7,3914.2
2024-02-14,9787.8,26898.45,2079.8,570.9,2619.6,2051.35,859.35,913.15,1705.1,214.85,4190.6,257.1,172.9,238.35,35.75,676.95,7532.6,170.5,1950.35,3796.8
2024-02-15,9814.3,26332.9,2084.8,572.25,2637.65,2046.35,866.0,912.05,1673.9,217.45,4139.15,263.3,174.9,237.85,35.0,681.15,7346.85,170.0,1955.25,3803.9
2024-02-16,9916.2,26298.0,2105.65,585.1,2720.4,2084.6,868.65,963.75,1717.7,212.0,4210.9,269.25,172.45,236.0,35.0,683.9,7556.8,169.3,1968.8,3955.95
2024-02-19,9902.2,26815.3,2168.6,584.85,2670.5,2101.7,880.5,963.35,1735.55,214.2,4206.1,273.05,171.95,242.4,35.25,672.25,7460.6,170.1,1966.7,4056.35
2024-02-20,9978.95,26524.9,2192.25,588.8,2686.7,2085.55,883.2,942.0,1698.05,216.5,4201.7,262.5,170.4,242.05,35.0,670.1,7580.5,171.75,1952.0,4066.75
2024-02-21,9968.4,26345.0,2194.0,587.8,2666.75,2086.95,869.05,959.1,1697.5,213.85,4249.85,254.55,171.65,237.15,34.75,667.6,7482.8,168.05,1930.5,3958.2
2024-02-22,9961.2,26603.35,2201.2,592.75,2680.1,2107.15,869.6,938.6,1693.9,214.0,4275.9,257.05,170.45,237.1,34.75,687.55,7433.85,167.05,1965.15,3830.95
2024-02-23,10000.9,26489.65,2194.4,602.95,2679.55,2089.7,867.35,944.05,1695.2,212.5,4343.65,242.15,170.45,236.3,34.5,678.7,7449.75,170.0,2075.9,4051.75
2024-02-26,9930.05,26099.7,2186.9,608.6,2674.65,2113.65,872.05,932.65,1742.8,210.25,4396.0,240.3,170.05,240.95,34.75,672.9,7547.6,168.1,2084.45,4087.95
2024-02-27,9951.1,26191.3,2204.8,603.35,2669.4,2072.65,869.9,943.9,1767.1,206.95,4503.0,240.35,170.65,236.75,34.0,665.35,7619.75,166.0,2095.25,4174.75
2024-02-28,9804.95,25606.4,2186.0,589.25,2573.25,2016.95,840.65,906.75,1710.4,206.2,4446.7,227.8,170.15,229.95,33.25,657.4,7658.75,165.0,2052.45,4118.55
2024-02-29,9892.4,25504.4,2191.4,605.9,2629.3,2024.9,835.25,918.9,1641.65,206.15,4514.9,227.25,174.55,225.15,31.75,655.1,7579.5,159.65,2069.1,4150.6
2024-03-01,10135.5,25637.8,2254.9,617.6,2695.45,2055.45,840.95,941.75,1648.5,206.5,4501.0,233.65,171.35,224.5,33.25,653.9,7596.5,159.0,2073.6,4127.3
2024-03-04,9978.4,25730.3,2234.15,617.15,2695.65,2027.05,848.2,943.05,1645.3,205.5,4463.9,230.15,170.85,222.65,34.0,637.35,7543.45,153.5,2097.1,4047.6
2024-03-05,9838.35,25009.75,2231.5,613.1,2668.75,1995.95,823.8,953.2,1573.05,206.55,4400.85,220.9,170.3,218.3,32.75,616.75,7531.85,147.9,2106.75,3951.1
2024-03-06,9641.05,24754.25,2236.5,598.3,2642.0,1945.95,802.1,899.9,1522.95,207.45,4296.9,221.85,170.05,205.15,31.25,638.45,7647.15,147.8,2093.0,3966.75
2024-03-07,9673.15,24705.9,2228.1,603.15,2638.8,1961.2,810.8,892.3,1541.15,207.05,4262.6,225.85,170.2,203.75,30.5,622.55,7590.65,151.75,2100.25,3894.45
2024-03-11,9697.9,25312.25,2236.8,602.05,2641.9,1939.25,810.55,895.85,1488.25,204.8,4219.95,217.95,169.85,197.9,29.75,619.75,7469.2,134.6,2101.0,4027.95
2024-03-12,9615.5,24960.4,2184.0,587.55,2561.6,1909.15,808.5,859.15,1459.35,204.2,4161.95,207.55,171.1,193.3,29.5,601.25,7304.1,127.0,2044.35,3920.75
2024-03-13,9593.55,24360.35,2149.1,559.25,2389.1,1825.5,790.25,795.2,1434.65,193.15,4086.2,201.95,165.05,181.95,28.0,570.8,7026.3,134.6,2001.15,3719.2
2024-03-14,9696.95,24957.6,2196.5,582.45,2482.1,1867.05,798.75,822.65,1426.05,192.8,4090.7,206.45,168.6,189.1,29.25,590.2,6936.5,131.3,2015.65,3988.85
2024-03-15,9632.95,25070.45,2197.1,600.75,2502.95,1880.4,806.75,824.95,1413.9,193.25,4070.15,206.2,169.05,189.6,30.5,581.8,6949.5,,2030.2,3900.7
2024-03-18,9611.35,25343.2,2203.1,584.65,2441.55,1884.95,803.8,823.85,1418.8,195.9,4064.85,202.0,170.5,186.55,32.0,611.35,6813.8,133.15,1970.6,3811.4
2024-03-19,9453.25,25005.45,2173.8,580.3,2403.4,1884.4,797.35,822.45,1417.15,199.55,4006.45,196.6,170.75,186.15,31.25,662.1,6630.15,130.0,1951.75,3830.1
2024-03-20,9484.55,24935.85,2167.5,576.35,2397.7,1895.05,799.5,821.5,1425.25,203.45,4025.0,195.7,169.35,184.8,29.75,634.5,6992.55,126.95,1904.85,3845.2
2024-03-21,9600.75,25361.4,2205.55,587.2,2438.85,1922.15,813.85,839.75,1461.45,199.4,4107.25,200.0,169.35,187.75,30.75,630.75,6811.15,131.85,1942.5,3957.85
2024-03-22,9681.75,25366.05,2223.55,589.35,2443.25,1959.25,806.45,855.9,1448.85,197.85,4103.6,204.15,171.45,191.95,32.25,628.2,6841.15,132.05,1938.9,3930.3
2024-03-26,9600.7,25684.15,2240.05,595.05,2450.0,1961.2,808.9,861.4,1417.9,192.3,4046.0,198.9,170.6,187.35,30.75,610.3,6809.0,129.6,1992.9,3950.1
2024-03-27,9623.45,25939.35,2207.35,601.5,2454.1,1957.85,815.7,867.5,1428.75,195.35,4054.3,200.75,177.9,183.9,29.25,578.65,6870.8,122.0,1998.1,4169.65
2024-03-28,9749.15,25682.85,2287.3,612.35,2491.7,1942.15,810.55,875.7,1423.7,196.45,4076.15,195.8,178.6,184.8,28.0,577.35,6782.5,133.15,1991.25,4232.2
2024-04-01,9954.4,26458.0,2292.55,621.5,2544.55,1992.3,845.95,883.5,1479.15,201.45,4283.1,213.2,181.35,194.25,29.25,594.4,6950.5,153.5,2029.7,4172.35
2024-04-02,10038.15,26532.9,2306.3,634.7,2648.65,2028.35,860.5,889.3,1514.8,205.8,4330.2,220.9,183.3,203.25,30.5,602.55,6896.05,152.6,2051.7,4089.85
2024-04-03,10001.9,26354.3,2305.45,634.95,2633.95,2042.45,855.65,879.35,1492.8,207.5,4338.1,219.05,182.75,212.9,32.0,613.35,7626.0,152.5,2057.75,4196.2
2024-04-04,10005.1,25910.25,2277.85,624.7,2616.25,2026.45,839.85,869.9,1513.4,205.45,4354.2,220.15,184.65,219.6,33.25,615.2,7495.4,148.0,2062.5,4193.15
2024-04-05,9823.6,25811.05,2237.55,627.2,2575.1,1989.1,839.55,844.55,1507.65,207.1,4358.8,217.1,185.4,214.8,33.5,623.65,7327.65,150.0,2042.3,4356.35
2024-04-08,9863.75,25955.2,2280.8,630.55,2582.45,2010.9,848.9,820.55,1523.5,207.95,4390.75,222.65,185.95,212.45,31.5,618.9,7418.15,150.6,2024.8,4309.55
2024-04-09,9769.15,25991.8,2301.3,623.1,2524.3,1990.8,840.35,808.05,1495.65,207.15,4321.65,217.7,180.8,215.6,30.5,612.65,7251.7,148.35,1997.05,4183.75
2024-04-10,9817.85,25610.0,2306.35,625.65,2524.7,1978.1,848.55,799.65,1545.15,208.25,4330.7,216.0,177.15,218.85,33.5,615.75,7195.2,147.6,1995.25,4123.8
2024-04-12,9652.55,25491.15,2254.05,608.85,2468.3,1952.05,837.25,796.15,1528.85,202.25,4280.75,209.4,175.0,216.55,35.75,612.3,7133.7,144.0,1964.25,4150.85
2024-04-15,9506.25,25296.2,2237.4,606.85,2442.45,1934.1,809.2,808.4,1488.8,197.5,4240.4,201.3,171.9,210.75,34.25,603.7,7171.4,140.0,1969.55,4042.85
2024-04-16,9463.8,24882.55,2242.95,617.55,2442.65,1970.1,807.3,813.15,1488.55,197.45,4203.15,199.85,170.5,208.5,33.5,597.95,7190.5,145.0,1987.35,4095.1
2024-04-18,9382.75,24425.85,2226.05,615.25,2412.0,1949.0,799.45,807.7,1473.25,196.95,4124.15,196.05,168.05,205.15,33.0,606.95,7090.65,149.95,1987.45,4198.8
2024-04-19,9363.95,24368.75,2273.15,609.65,2405.15,1943.45,800.15,800.0,1504.75,195.9,4151.5,198.4,166.95,205.75,34.25,602.05,7103.05,145.1,1943.65,4067.55
2024-04-22,9565.25,24396.4,2280.55,616.3,2403.55,1960.5,796.15,797.75,1450.6,200.35,4078.1,200.65,165.1,206.35,34.25,612.35,7166.9,141.6,1961.7,4205.3
2024-04-23,9533.55,24377.75,2370.15,636.55,2452.6,1951.45,809.15,782.5,1471.15,195.55,4141.4,204.25,164.8,207.65,34.5,627.45,7307.35,141.9,1958.6,4185.8
2024-04-24,9658.85,24369.15,2337.75,644.45,2556.4,1962.8,810.95,802.2,1471.95,196.75,4175.25,230.5,167.25,209.45,34.5,636.45,7262.6,144.25,1988.85,4250.45
2024-04-25,9683.75,23971.6,2367.45,638.35,2579.6,1806.45,789.2,798.1,1430.8,200.85,4031.55,229.45,167.35,205.3,33.75,646.45,7245.1,140.55,2010.65,4303.5
2024-04-26,9700.9,24140.5,2342.45,632.35,2533.05,1799.75,797.6,794.25,1447.95,198.85,4072.6,229.1,166.1,206.05,33.75,641.9,7204.2,142.0,2039.75,4338.45
2024-04-29,9964.45,24145.15,2386.6,629.65,2525.4,1832.7,796.9,794.4,1450.25,200.95,4058.4,219.75,165.5,206.1,33.25,637.5,7212.95,138.0,2055.5,4955.15
2024-04-30,9971.85,24444.85,2411.65,619.9,2531.8,1838.15,794.6,796.05,1442.15,201.75,3999.5,221.4,164.85,207.7,32.75,630.9,7190.9,138.9,2118.1,5062.1
2024-05-02,9983.45,24827.2,2437.35,625.7,2529.45,1791.15,771.35,789.5,1492.7,200.2,3936.35,223.6,162.75,209.85,32.75,629.9,7046.6,138.75,2062.9,4812.05
2024-05-03,9816.3,25746.55,2481.35,622.45,2531.4,1796.1,772.3,797.2,1559.9,200.5,3977.4,219.65,160.65,210.95,33.0,635.9,6852.35,142.5,2069.5,4957.55
2024-05-06,9776.9,25537.0,2453.3,607.45,2489.5,1794.45,767.75,797.05,1544.4,198.05,3987.8,222.4,157.9,210.15,32.0,635.05,6896.8,140.0,2109.5,5273.15
2024-05-07,9682.4,25395.65,2421.0,593.95,2436.45,1766.2,756.85,794.2,1546.15,196.4,3910.55,228.85,153.25,207.2,31.25,624.55,6821.5,140.0,2068.6,5247.35
2024-05-08,9519.4,25660.45,2377.35,594.55,2439.6,1772.95,764.25,791.15,1534.05,196.15,3946.85,227.35,153.75,204.55,32.0,621.8,6774.95,139.85,2089.25,5332.15
2024-05-09,9446.1,25500.75,2353.7,574.3,2416.15,1728.25,748.6,771.95,1483.75,193.4,3863.7,216.6,154.05,198.1,31.25,629.7,6743.1,136.6,2072.05,5400.75
2024-05-10,9491.7,25661.25,2377.15,581.8,2360.15,1714.85,760.2,775.65,1459.0,195.4,3840.9,217.7,150.4,209.45,30.75,626.15,6744.35,141.4,2158.65,5277.05
2024-05-13,9551.5,25992.5,2385.2,588.2,2363.75,1742.7,762.4,759.65,1421.3,193.05,3933.95,210.5,150.2,207.4,30.75,621.15,7119.4,139.0,2215.55,5294.7
2024-05-14,9660.65,26024.9,2372.05,610.2,2463.5,1757.75,769.65,767.3,1434.65,196.9,3921.7,209.75,151.05,206.25,31.25,618.9,6944.2,142.35,2211.55,5187.4
2024-05-15,9614.1,25819.65,2369.7,613.25,2489.15,1760.95,763.4,777.25,1447.95,194.1,3889.85,208.35,152.1,207.45,31.25,621.1,7173.8,142.0,2212.5,5393.75
2024-05-16,9709.1,25685.6,2372.6,615.4,2486.1,1789.45,769.35,777.2,1432.05,195.05,3848.25,211.75,149.15,202.65,31.0,719.75,7042.8,138.55,2273.05,5538.5
2024-05-17,9890.35,26305.8,2423.65,620.7,2521.95,1814.5,777.1,781.9,1474.95,196.4,3896.7,213.55,143.55,204.55,31.0,771.0,7142.7,138.3,2303.0,5612.75
2024-05-21,9789.4,25833.45,2446.65,631.7,2527.85,1847.8,771.75,793.3,1456.85,202.6,3889.95,209.2,143.05,208.95,30.75,718.7,7122.45,145.55,2078.2,5582.35
2024-05-22,9894.85,25678.95,2436.65,633.05,2543.35,1846.85,774.15,796.35,1436.9,199.7,3967.15,217.45,144.7,207.45,30.5,728.6,7151.0,149.4,2105.45,5465.9
2024-05-23,10170.55,25676.9,2453.8,646.5,2616.4,1812.3,788.4,794.35,1440.7,201.55,3967.75,214.55,145.05,207.2,30.0,716.5,7153.25,138.4,2105.2,5512.3
2024-05-24,10231.1,25456.45,2441.0,635.3,2609.25,1792.45,778.1,805.5,1442.25,200.15,3990.45,212.9,149.25,206.9,30.25,719.35,7125.3,136.0,2149.0,5472.65
2024-05-27,10225.5,25415.2,2390.65,632.5,2585.1,1807.65,769.05,799.75,1426.85,199.3,3991.45,211.5,148.45,203.9,30.25,710.45,7172.35,135.1,2174.25,5604.9
2024-05-28,10178.9,25634.65,2440.35,629.65,2570.55,1801.55,762.85,797.85,1424.75,200.0,3990.85,215.05,155.65,200.75,29.75,731.65,7138.65,133.35,2148.65,5641.5
2024-05-29,10023.4,25325.55,2400.6,630.1,2536.5,1775.45,752.35,800.3,1437.95,200.95,3939.3,217.6,153.3,199.95,28.5,718.85,7067.8,130.25,2114.05,5515.5
2024-05-30,9868.85,25062.35,2345.2,619.15,2496.95,1767.35,745.45,784.85,1432.85,201.1,3903.15,211.45,152.35,198.05,29.5,717.45,7042.2,126.3,2101.55,5504.0
2024-05-31,9915.5,24680.6,2316.25,634.05,2546.4,1775.7,741.85,784.3,1410.35,202.1,3872.25,206.45,149.95,200.55,29.25,714.9,7006.7,128.0,2096.85,5277.6
2024-06-03,10470.05,25309.25,2368.8,670.8,2682.8,1858.0,773.35,784.75,1476.3,205.05,4025.95,211.25,154.0,205.25,30.25,722.0,7159.9,132.8,2146.0,5567.3
2024-06-04,9918.3,24882.8,2256.4,556.6,2282.05,1695.25,730.9,761.55,1374.95,198.95,3860.4,193.15,147.95,197.55,28.5,678.7,6990.45,127.2,2012.1,5288.4
2024-06-05,10038.1,25481.05,2304.85,598.9,2401.6,1735.15,761.55,789.6,1423.55,201.2,3918.85,202.0,154.65,211.4,28.75,716.45,6915.3,121.15,2116.3,5527.1
2024-06-06,10054.95,25636.25,2334.75,610.05,2453.55,1766.1,786.7,786.7,1438.1,204.75,4013.0,207.65,158.2,219.2,30.25,722.35,7153.65,127.1,2149.3,5729.5
2024-06-07,10463.15,26077.5,2379.85,621.3,2499.1,1809.95,831.8,795.15,1476.5,213.8,4187.1,223.7,162.65,223.55,30.5,725.55,7207.25,130.0,2158.8,5748.55
2024-06-10,10826.25,27239.7,2446.8,640.35,2543.1,1875.5,876.75,821.8,1528.45,219.65,4229.65,225.3,164.06,232.3,30.55,730.3,7357.75,128.0,2160.75,5999.4
2024-06-11,10933.55,27063.85,2456.9,639.75,2563.6,1887.95,857.4,812.85,1509.75,217.83,4205.05,224.2,164.12,231.88,30.3,726.85,7495.0,130.0,2194.85,6155.35
2024-06-12,11044.8,27538.9,2450.15,668.7,2624.4,1900.1,859.75,823.1,1527.3,220.75,4248.55,231.9,160.82,233.65,30.75,722.6,7416.7,133.4,2226.45,6160.7
2024-06-13,11173.8,27490.75,2458.05,664.5,2635.8,1901.8,866.25,825.3,1549.8,219.71,4241.95,236.99,160.43,246.68,32.0,730.5,7563.0,138.65,2236.2,6055.95
2024-06-14,11242.8,27538.0,2471.2,677.2,2661.7,1882.35,869.35,825.5,1574.2,219.26,4326.7,239.35,162.37,242.09,32.1,728.85,7649.15,146.75,2269.45,6039.55
2024-06-18,11119.05,27462.1,2457.55,674.1,2652.0,1889.0,875.3,836.85,1563.05,217.59,4408.0,238.46,164.05,239.72,32.8,741.9,8078.55,144.25,2257.2,6156.4
2024-06-19,10995.55,27443.4,2447.15,666.8,2621.55,1854.5,859.8,831.25,1539.9,214.95,4304.15,236.79,168.86,237.51,32.9,734.4,8118.0,139.3,2204.6,6186.3
2024-06-20,10903.2,27698.45,2498.8,659.15,2622.65,1862.4,867.9,845.75,1572.0,215.88,4321.5,234.84,172.46,238.18,32.3,732.9,8295.45,137.8,2211.55,6149.55
2024-06-21,10662.4,27403.8,2466.15,657.45,2590.2,1823.2,845.5,830.4,1536.5,214.35,4259.9,232.12,170.75,239.14,32.3,742.7,9090.3,138.75,2273.65,5864.55
2024-06-24,10786.0,27318.8,2515.1,657.75,2588.25,1818.6,855.2,845.2,1525.3,218.84,4223.35,232.09,165.05,238.65,31.8,779.5,9142.25,133.35,2384.4,5958.05
2024-06-25,10846.2,27217.55,2516.95,648.8,2569.7,1816.6,851.25,849.9,1531.35,216.28,4333.85,236.33,164.75,235.85,31.8,758.45,9002.0,133.2,2385.45,5887.95
2024-06-26,11143.1,27498.9,2552.25,657.05,2590.9,1819.8,865.45,866.95,1574.45,220.67,4400.25,252.81,168.78,242.06,38.15,814.95,8995.55,133.5,2406.0,5767.85
2024-06-27,11716.7,27832.45,2637.6,660.65,2637.0,1792.2,838.0,892.3,1599.4,221.46,4508.2,263.55,175.64,240.71,45.75,803.75,8755.3,132.05,2417.75,5753.8
2024-06-28,11667.9,27870.4,2670.45,670.25,2619.05,1813.45,836.45,883.95,1597.05,218.94,4389.0,275.25,175.08,241.76,50.3,832.4,8683.25,133.9,2380.8,5955.9
2024-07-01,11904.65,28353.35,2726.4,695.0,2749.6,1849.95,857.25,896.9,1605.95,227.35,4469.2,314.15,176.95,245.3,46.35,828.85,8740.15,136.0,2378.15,5966.35
2024-07-02,11853.95,27697.75,2742.95,692.35,2772.25,1839.45,845.2,897.4,1583.3,228.5,4335.75,299.05,169.82,245.61,50.95,821.5,9080.0,134.8,2416.75,6022.55
2024-07-03,11872.1,27383.9,2742.35,692.7,2767.6,1855.95,840.1,879.3,1597.9,227.1,4306.25,306.25,168.56,246.07,53.45,830.0,8987.3,143.5,2400.1,6089.0
2024-07-04,11760.05,27459.05,2734.85,682.1,2725.5,1842.35,819.3,871.75,1615.15,230.09,4291.3,306.65,167.14,255.42,56.1,816.75,9022.9,172.2,2369.55,6014.25
2024-07-05,11690.15,27528.7,2748.0,686.0,2669.5,1858.15,808.15,870.6,1593.15,233.09,4217.85,296.8,166.58,254.12,58.9,806.25,9154.7,206.6,2406.25,6039.75
2024-07-08,11582.9,27193.25,2742.15,683.55,2673.05,1855.85,794.8,861.1,1588.15,227.52,4216.75,310.75,164.4,249.07,61.8,824.6,9005.5,207.35,2330.45,5878.5
2024-07-09,11679.8,27776.3,2761.8,677.65,2685.8,1867.6,807.25,875.45,1575.0,231.91,4252.85,304.85,164.43,245.19,58.7,788.55,8980.5,198.4,2335.5,6028.8
2024-07-10,11634.25,27905.45,2802.15,665.0,2653.05,1865.3,801.75,886.55,1580.4,231.44,4390.0,308.7,171.29,242.0,55.75,792.75,8990.45,190.9,2349.5,5918.0
2024-07-11,11554.95,27772.6,2801.6,679.15,2664.4,1865.6,796.8,890.1,1601.15,228.91,4341.65,311.45,169.3,244.77,54.6,794.45,8923.05,205.35,2338.45,5831.7
2024-07-12,11602.3,27665.5,2843.75,676.5,2686.15,1933.6,793.9,881.75,1606.65,227.27,4339.4,309.2,171.05,237.94,53.5,776.4,8988.7,200.35,2302.35,5791.05
2024-07-15,11833.65,27616.85,2803.75,684.2,2695.7,1929.2,795.55,888.55,1576.5,224.81,4342.15,306.0,169.33,240.6,53.5,780.2,9046.6,191.2,2262.6,5847.7
2024-07-16,11658.7,27906.8,2827.35,685.35,2715.85,1915.9,794.45,871.05,1558.05,237.41,4414.65,303.1,168.59,233.72,53.5,776.15,9170.75,187.6,2266.85,5799.9
2024-07-18,11647.25,28061.6,2791.8,690.25,2686.45,1916.85,782.85,863.05,1556.75,233.51,4372.55,324.65,165.33,228.56,50.3,772.75,8997.9,196.95,2249.7,5721.25
2024-07-19,11258.3,27284.15,2743.0,677.9,2619.8,1818.7,777.8,843.9,1502.7,226.03,4284.55,325.55,156.1,220.41,49.25,740.9,8720.45,206.75,2272.1,5783.8
2024-07-22,11515.7,27919.8,2811.55,687.1,2635.05,1771.15,780.15,843.75,1511.55,225.57,4471.95,334.55,159.91,222.31,48.25,738.9,8985.4,203.85,2260.2,5694.3
2024-07-23,11545.8,28162.2,2823.05,691.35,2646.55,1778.45,795.15,838.05,1521.95,225.82,4480.4,335.05,160.24,225.64,47.25,739.0,9017.45,193.85,2236.55,5509.1
2024-07-24,11453.4,27552.0,2806.9,682.4,2619.35,1771.45,788.4,848.7,1531.05,233.15,4460.75,325.15,159.1,234.61,46.3,764.3,8893.25,196.5,2199.55,5358.5
2024-07-25,11441.5,27484.35,2797.55,675.9,2578.9,1771.55,800.85,841.2,1498.6,234.51,4401.95,322.35,159.48,229.78,45.35,763.6,8780.35,187.05,2174.25,5275.2
2024-07-26,11673.05,27566.75,2843.3,686.4,2614.15,1812.2,828.15,857.5,1538.95,233.99,4387.65,335.3,159.66,233.28,46.25,760.3,8768.2,185.0,2215.55,5439.75
2024-07-29,11873.8,27237.9,2828.2,679.85,2604.3,1834.3,818.45,880.55,1535.9,236.85,4390.4,343.95,160.45,237.25,45.3,767.25,9027.15,183.5,2202.75,5352.3
2024-07-30,11806.45,27314.35,2790.9,674.45,2590.75,1851.8,823.7,900.35,1544.9,237.85,4506.6,347.0,166.45,237.91,44.35,772.5,9081.0,184.5,2194.0,5326.25
2024-07-31,11887.2,27740.45,2776.75,679.95,2590.65,1850.55,826.05,887.0,1529.5,233.87,4416.95,349.25,166.57,235.98,43.45,775.65,8933.15,181.8,2188.75,5354.45
2024-08-01,11984.5,27768.5,2767.0,664.0,2487.9,1813.25,825.1,861.4,1552.2,229.21,4421.8,339.45,163.74,231.97,42.55,773.7,9015.05,184.0,2168.8,5244.55
2024-08-02,11764.5,27295.35,2706.8,652.8,2435.3,1798.7,827.75,848.25,1509.55,227.41,4284.6,355.55,163.97,230.2,41.65,748.2,8938.9,175.1,2130.45,5163.0
2024-08-05,11417.25,26834.8,2612.25,636.15,2380.6,1756.55,806.65,809.65,1456.0,219.44,4204.95,349.75,156.16,233.93,40.8,711.1,9436.7,166.55,2105.5,4970.9
2024-08-06,11325.3,26101.35,2620.5,625.55,2342.35,1730.75,808.8,820.1,1423.05,218.8,4238.6,339.1,155.35,233.0,39.95,689.95,9833.6,160.15,2090.75,5025.2
2024-08-07,11543.2,25098.6,2637.05,643.3,2396.1,1757.75,821.45,830.75,1461.9,220.95,4295.6,358.3,161.21,240.92,39.15,707.3,9956.95,166.15,2125.0,5203.5
2024-08-08,11258.0,24143.4,2544.65,638.5,2357.2,1770.05,795.0,826.1,1425.8,221.3,4237.3,349.95,160.04,235.66,38.35,713.1,10377.15,170.7,2082.2,5086.05
2024-08-09,11300.35,24296.6,2572.75,632.0,2351.55,1740.6,799.75,821.4,1365.1,222.23,4240.2,331.85,165.95,219.59,38.25,730.4,10420.45,163.7,2031.35,5132.75
2024-08-12,11302.85,24408.35,2571.1,635.45,2313.6,1745.0,801.25,811.35,1295.4,222.47,4236.75,340.7,162.22,222.93,39.0,715.25,10296.45,171.5,1937.9,5111.6
2024-08-13,11271.2,24205.95,2519.25,624.4,2304.8,1735.25,789.25,817.6,1231.4,220.34,4172.2,343.0,158.33,218.8,39.75,704.65,9880.0,163.15,1910.35,5095.25
2024-08-14,11002.6,24338.95,2512.4,623.2,2281.95,1726.45,784.05,799.9,1257.8,218.5,4107.2,323.0,155.63,217.52,40.5,703.25,10164.8,170.5,1862.95,5182.3
2024-08-16,11295.7,24642.85,2600.35,640.5,2337.9,1750.8,804.95,790.2,1287.1,219.93,4239.95,339.4,155.92,217.91,41.3,712.45,10101.5,170.0,1889.5,5259.85
2024-08-19,11315.35,24848.95,2598.4,633.7,2347.45,1768.95,812.95,784.5,1297.6,221.52,4312.65,336.45,156.13,219.86,39.2,734.9,9797.05,165.6,1882.75,5267.6
2024-08-20,11349.7,24730.55,2636.7,626.45,2325.75,1767.7,809.8,778.9,1281.9,226.72,4302.4,327.6,156.39,227.91,37.2,731.15,9689.75,163.7,1896.75,5431.35
2024-08-21,11200.9,24808.05,2684.85,629.25,2325.15,1755.45,813.05,792.15,1306.3,224.63,4300.1,327.2,161.88,230.69,38.95,731.1,9790.35,158.3,1890.25,5586.4
2024-08-22,11309.4,25012.4,2755.15,631.8,2348.6,1799.4,832.3,779.7,1326.95,230.41,4401.0,331.8,161.4,232.28,37.0,745.75,9765.1,165.3,1955.95,5544.95
2024-08-23,11341.8,24706.05,2748.55,633.6,2323.75,1804.05,819.8,769.65,1327.0,231.67,4393.35,331.35,167.74,228.99,36.4,734.25,9741.0,172.45,1946.35,5506.15
2024-08-26,11337.1,24906.45,2736.6,627.65,2343.3,1814.9,822.2,787.45,1322.65,229.81,4445.65,309.4,169.35,228.79,37.0,735.3,9773.0,166.0,1973.95,5413.05
2024-08-27,11300.35,24813.2,2699.9,624.45,2348.25,1821.8,821.75,800.85,1322.95,231.53,4497.8,299.45,171.55,229.93,38.6,740.05,9794.65,167.25,1953.15,5372.25
2024-08-28,11234.8,24692.2,2715.55,616.4,2330.35,1824.3,821.9,792.3,1332.65,228.4,4424.55,282.85,168.52,227.7,37.55,729.6,9587.6,166.0,1958.1,5376.1
2024-08-29,11222.0,24821.35,2676.2,612.5,2310.2,1845.65,820.75,782.65,1308.5,228.85,4445.3,285.8,165.43,220.77,36.65,717.45,9463.2,160.5,1930.8,5363.25
2024-08-30,11301.9,25482.0,2698.85,617.05,2329.15,1891.05,831.25,787.85,1330.8,231.01,4453.9,305.3,164.81,223.66,37.7,720.05,9216.6,165.8,1919.35,5284.75
2024-09-02,11424.9,25427.3,2690.8,620.4,2336.15,1920.0,831.8,780.7,1329.8,232.41,4481.95,292.6,165.33,223.94,36.95,712.65,9299.95,158.1,1916.5,5303.45
2024-09-03,11460.8,25507.6,2706.85,617.8,2341.3,1915.5,833.2,787.7,1333.1,230.05,4647.8,307.85,175.7,219.86,37.95,710.05,9058.8,160.05,1926.05,5214.8
2024-09-04,11580.45,25770.75,2757.65,627.1,2348.55,1926.6,839.25,788.5,1348.2,228.25,4670.2,308.2,182.32,220.72,36.95,716.3,9355.85,160.05,1935.8,5231.25
2024-09-05,11542.65,25662.25,2741.6,631.85,2419.8,1913.75,848.3,793.85,1354.75,232.29,4700.55,317.6,178.85,223.04,37.85,727.95,9201.95,167.95,1933.1,5230.7
2024-09-06,11432.85,25610.45,2692.85,623.25,2429.4,1876.25,829.9,786.8,1334.8,230.88,4697.95,308.2,179.25,217.65,36.55,709.35,9182.6,167.0,1899.5,5315.85
2024-09-09,11494.35,25798.6,2710.35,630.15,2458.7,1875.65,835.7,792.1,1303.9,226.99,4807.75,301.0,174.0,215.27,35.7,711.85,8803.2,163.95,1916.55,5386.9
2024-09-10,11541.05,25725.15,2702.55,627.05,2443.35,1887.4,842.7,799.95,1319.2,229.74,4689.4,300.5,208.1,221.96,35.5,714.5,8651.55,163.95,1942.05,5374.35
2024-09-11,11487.45,25614.1,2681.15,623.0,2440.65,1898.85,837.45,786.4,1330.15,228.74,4599.55,291.55,232.61,220.68,35.4,714.15,8536.3,158.95,1923.1,5304.85
2024-09-12,11710.25,26019.65,2757.1,628.15,2467.4,1887.35,841.15,798.45,1301.25,229.56,4675.35,295.6,219.73,219.23,35.4,712.35,8458.7,162.5,1939.7,5334.7
2024-09-13,11717.95,25883.1,2784.35,629.6,2517.45,1902.1,850.2,800.35,1313.1,231.64,4766.4,287.5,211.59,219.07,35.55,725.8,8452.9,162.45,1934.45,5268.85
2024-09-16,11642.65,25619.4,2765.3,627.3,2512.0,1856.55,851.1,787.2,1311.5,236.33,4812.75,298.55,212.15,220.68,35.35,724.6,8360.2,160.0,1904.15,5394.0
2024-09-17,11645.65,25437.1,2754.85,623.0,2506.7,1822.0,850.75,782.3,1324.45,237.5,4778.45,289.95,211.04,218.97,35.05,717.3,8381.85,162.0,1909.1,5397.45
2024-09-18,11630.9,25076.65,2722.7,620.1,2477.4,1834.45,840.75,776.45,1316.25,227.32,4632.05,289.3,203.74,214.89,35.1,716.0,8264.75,156.05,1896.4,5357.8
2024-09-19,11627.5,24931.7,2738.95,608.4,2442.85,1822.25,828.95,773.45,1315.85,227.37,4626.35,288.4,195.43,214.96,34.45,722.8,8197.4,153.0,1908.4,5408.55
2024-09-20,11798.3,25141.7,2678.25,616.55,2443.2,1835.9,835.35,769.8,1309.0,225.37,4632.7,289.5,219.54,212.7,34.75,727.8,8269.95,152.0,1927.9,5533.5
2024-09-23,11962.05,25958.1,2666.9,622.05,2486.3,1900.1,851.45,770.55,1300.75,223.81,4783.05,290.5,220.59,213.29,35.1,700.15,8250.2,158.0,1972.4,5445.65
2024-09-24,11761.65,25911.65,2619.3,618.3,2467.65,1929.7,851.05,770.3,1290.35,222.45,4746.7,284.5,214.18,214.1,34.7,713.6,8315.85,154.5,2008.95,5395.4
2024-09-25,11816.3,25903.65,2662.0,616.05,2455.9,1910.35,855.55,769.55,1267.55,226.83,4647.1,275.7,212.66,213.02,34.55,720.5,8260.25,157.55,2024.95,5229.6
2024-09-26,12065.0,26123.1,2745.85,625.15,2472.4,1915.75,861.0,769.75,1251.35,223.99,4582.2,286.8,211.34,212.99,34.35,704.85,8156.9,153.0,2008.55,5270.75
2024-09-27,11952.3,26247.9,2783.15,634.0,2483.3,1894.75,863.35,769.65,1236.25,222.24,4636.25,278.35,206.21,213.52,34.05,701.1,8123.65,151.8,2004.85,5266.75
2024-09-30,11802.0,26308.9,2795.55,632.55,2513.45,1933.2,867.0,771.6,1267.7,222.09,4643.3,290.4,204.87,208.11,34.35,728.55,8090.3,155.0,1989.55,5321.65
2024-10-01,11837.15,26523.25,2801.15,632.45,2511.0,1956.55,877.9,785.35,1289.75,223.07,4621.55,313.55,202.88,213.86,34.75,735.6,8095.15,150.75,1974.5,5398.15
2024-10-03,11724.8,26259.2,2766.15,617.45,2458.75,1950.0,872.95,792.2,1265.5,219.37,4567.85,309.35,200.63,210.37,34.2,724.6,8146.55,147.0,1918.95,5178.4
2024-10-04,11450.25,26034.2,2745.1,610.7,2433.75,1937.5,868.45,779.95,1242.75,218.77,4565.55,302.35,201.82,211.11,34.35,729.1,7982.1,154.35,1893.15,5283.7
2024-10-07,11230.35,25376.45,2720.5,590.35,2349.05,1853.7,855.4,802.0,1196.95,227.73,4366.8,290.1,186.18,202.79,33.15,703.25,7745.9,146.65,1887.5,5432.8
2024-10-08,11389.8,25582.9,2738.2,606.4,2385.8,1879.95,857.25,804.45,1219.05,227.9,4441.55,295.1,193.36,214.9,33.85,715.85,7969.55,148.25,1899.1,5437.35
2024-10-09,11350.15,24975.05,2715.75,607.95,2339.8,1840.75,855.2,808.8,1243.1,223.96,4330.1,298.2,197.51,213.7,33.75,710.9,7941.55,147.0,1901.75,5448.7
2024-10-10,11430.05,24641.8,2722.45,585.25,2313.0,1848.35,862.05,813.6,1230.55,224.74,4256.6,294.7,196.44,213.67,33.9,716.85,7997.1,147.75,1899.45,5311.25
2024-10-11,11421.3,24337.05,2725.55,585.2,2312.45,1872.95,861.55,826.2,1214.25,224.39,4238.75,295.75,197.0,216.7,33.05,720.25,7899.65,150.95,1897.45,5224.4
2024-10-14,11300.3,24572.2,2726.9,588.9,2317.55,1889.3,869.85,816.5,1237.2,222.82,4293.7,292.85,191.41,219.89,32.75,708.6,7852.55,150.95,1905.4,5282.45
2024-10-15,11416.9,24718.5,2735.8,590.35,2294.8,1885.95,870.1,809.9,1257.5,221.21,4323.65,300.85,191.16,213.43,32.2,703.3,8025.65,152.95,1904.5,5348.7
2024-10-16,11322.3,24439.55,2764.1,589.05,2305.5,1867.25,870.75,828.05,1249.25,230.5,4347.9,328.65,189.01,213.2,31.65,700.85,7970.15,150.0,1894.6,5231.85
2024-10-17,11017.3,24245.1,2705.85,571.25,2265.1,1835.0,848.9,806.65,1205.1,236.32,4291.55,342.6,184.26,212.53,33.2,703.55,7817.85,145.55,1862.75,5244.15
2024-10-18,11069.3,24325.25,2760.95,573.95,2285.65,1852.15,851.3,823.35,1225.9,232.21,4302.7,331.75,186.78,210.2,34.85,701.9,7769.6,142.5,1871.7,5060.35
2024-10-21,10869.3,24297.75,2718.25,571.9,2301.65,1830.8,834.95,811.9,1207.0,223.95,4208.4,352.45,187.25,203.25,33.7,693.65,7667.05,147.15,1850.05,4979.95
2024-10-22,10825.15,24434.4,2655.35,558.5,2246.35,1804.45,826.85,782.2,1146.7,226.23,4205.2,343.6,185.06,194.98,32.0,681.65,7347.5,143.25,1790.15,4485.9
2024-10-23,10753.05,24710.25,2633.2,555.85,2256.8,1760.85,838.85,770.6,1136.65,223.86,4226.75,337.15,187.52,196.04,30.6,680.55,7296.5,138.75,1793.15,4593.0
2024-10-24,11043.6,25065.3,2666.7,558.9,2270.2,1812.95,844.8,780.2,1152.05,223.29,4193.7,334.45,190.09,198.73,31.0,685.65,7072.65,140.0,1791.95,4371.05
2024-10-25,10995.2,24956.8,2615.2,552.7,2237.8,1771.45,853.05,774.95,1120.05,217.75,4105.0,338.2,191.02,190.9,30.4,660.35,6992.15,142.15,1799.3,4290.25
2024-10-28,11092.6,25056.15,2646.95,569.4,2288.7,1796.3,856.95,778.6,1141.65,212.97,4254.9,340.35,190.05,196.87,30.3,673.85,7017.8,138.9,1795.25,4321.75
2024-10-29,11112.1,25331.75,2686.0,575.0,2328.65,1796.8,864.9,793.25,1138.05,221.21,4350.45,339.0,190.28,198.09,30.8,653.25,7026.55,145.8,1759.9,4336.35
2024-10-30,11205.1,25351.35,2672.55,579.7,2331.9,1840.25,882.65,803.85,1148.2,230.45,4335.7,344.7,191.71,202.46,31.5,652.65,7179.1,146.2,1746.9,4389.0
2024-10-31,11065.65,25072.15,2695.85,580.55,2320.4,1833.2,886.55,810.2,1168.05,231.58,4322.3,347.75,192.83,205.9,32.35,648.15,7183.85,143.1,1770.35,4294.75
2024-11-01,11145.8,25241.05,2698.9,582.45,2327.85,1838.2,892.4,832.0,1195.35,231.17,4345.25,345.2,192.36,211.12,33.5,651.6,7261.85,143.0,1778.25,4339.25
2024-11-04,11001.85,24865.3,2590.6,571.4,2289.45,1789.75,877.7,803.75,1175.15,228.09,4273.3,343.3,190.05,205.22,34.25,650.95,7134.45,147.0,1750.8,4214.2
2024-11-05,11176.35,24695.9,2650.95,572.0,2319.4,1793.6,874.8,799.85,1171.7,231.76,4122.95,342.05,189.99,207.31,34.45,670.4,7129.5,146.25,1769.75,4362.35
2024-11-06,11274.4,25009.15,2645.95,582.65,2359.55,1817.55,881.5,799.85,1189.8,236.97,4150.6,341.05,190.2,210.09,34.2,671.35,7213.05,141.8,1805.65,4683.95
2024-11-07,11050.8,24778.65,2562.7,570.7,2320.55,1798.25,876.4,775.65,1158.0,229.94,4073.8,340.6,190.06,210.96,33.45,677.1,7207.3,144.7,1790.35,4676.75
2024-11-08,11043.35,24533.0,2544.85,564.9,2291.4,1768.05,865.8,766.4,1140.25,228.93,4081.3,336.5,189.96,209.49,33.15,683.4,7051.6,141.85,1788.8,4597.85
2024-11-11,10970.45,24418.25,2519.5,560.4,2272.75,1755.35,870.45,739.7,1139.55,225.88,4066.4,339.4,184.97,204.76,32.25,689.4,6924.9,143.0,1713.55,4633.05
2024-11-12,10892.0,24372.8,2521.2,556.6,2263.9,1786.7,910.0,699.25,1103.65,220.72,4062.55,337.9,186.4,202.85,31.55,679.15,7065.9,146.55,1742.65,4614.55
2024-11-13,10782.2,24049.2,2502.9,545.35,2197.8,1737.6,883.9,709.4,1084.5,216.06,3973.85,336.65,187.58,194.11,31.05,654.5,6765.4,141.0,1730.1,4516.2
2024-11-14,10728.5,24091.7,2523.95,544.5,2188.15,1713.8,902.35,697.3,1085.3,215.88,3999.3,334.3,184.3,196.37,30.75,644.3,7009.1,133.95,1731.15,4543.25
2024-11-18,10630.9,23935.05,2517.15,550.55,2187.4,1686.35,894.15,719.6,1110.4,212.02,3924.3,334.25,182.43,198.9,31.55,645.05,7281.25,127.3,1716.1,4635.05
2024-11-19,10769.55,24106.35,2508.15,549.55,2185.7,1745.25,903.55,749.5,1114.45,212.02,3952.4,337.85,182.44,209.56,31.65,643.35,7133.25,123.85,1729.15,4650.25
2024-11-21,10954.85,24052.85,2534.85,484.15,2027.2,1771.6,914.95,754.0,1080.0,210.19,4003.0,323.95,182.12,212.54,31.3,623.95,6949.6,130.0,1713.9,4551.6
2024-11-22,11375.3,24794.75,2598.65,499.85,2089.6,1808.25,944.95,747.9,1101.3,213.03,4135.85,330.25,182.15,216.32,30.85,641.25,6999.5,136.5,1761.6,4549.6
2024-11-25,11457.45,25467.3,2629.8,504.95,2145.0,1826.8,969.65,763.4,1109.9,215.18,4215.55,327.05,182.06,216.52,30.9,657.1,7038.6,137.4,1782.7,4609.05
2024-11-26,11121.05,24980.65,2617.2,493.7,2116.2,1826.2,959.85,775.75,1146.8,214.34,4183.15,329.45,181.97,214.24,30.9,660.6,7239.25,130.55,1803.2,4571.6
2024-11-27,11139.9,25421.85,2621.9,515.0,2206.7,1836.45,978.1,782.9,1151.3,215.97,4200.7,338.6,188.26,215.39,30.9,687.1,7217.8,126.55,1790.65,4578.9
2024-11-28,10997.8,25545.6,2570.45,513.0,2188.55,1819.3,974.9,780.1,1211.65,216.41,4144.0,336.2,192.12,216.05,31.25,698.6,7329.2,122.55,1808.45,4520.2
2024-11-29,11202.15,26076.45,2606.25,531.5,2222.55,1820.35,1014.8,779.75,1242.55,217.51,4278.25,342.35,188.45,219.78,31.2,695.65,7413.05,128.05,1790.5,4651.1
2024-12-02,11648.55,26784.0,2693.55,538.8,2234.45,1879.75,1035.25,812.75,1256.3,221.02,4495.65,343.75,189.71,220.72,32.25,692.2,7409.5,131.4,1816.3,4772.65
2024-12-03,11852.35,27159.35,2714.0,566.55,2291.7,1930.8,1040.1,829.7,1268.95,224.4,4647.4,345.85,187.15,222.39,33.85,693.4,7830.7,128.65,1845.7,4763.0
2024-12-04,11766.8,27403.9,2717.3,564.7,2240.6,1936.7,1040.65,828.7,1287.55,225.74,4632.55,339.45,192.95,220.25,32.6,721.5,7718.6,128.35,1836.5,4715.35
2024-12-05,11932.8,26608.0,2706.8,571.1,2267.35,1913.8,1022.05,817.35,1264.8,224.74,4608.1,342.9,193.14,221.45,32.5,710.75,7673.35,129.2,1825.2,4757.9
2024-12-06,11848.5,27076.65,2701.9,565.3,2258.35,1926.05,1013.05,807.0,1279.3,225.09,4596.65,341.1,192.42,220.68,32.45,702.75,7868.8,134.9,1844.4,4738.4
2024-12-09,11814.8,26711.25,2681.4,571.3,2260.5,1897.75,1014.45,819.1,1281.55,222.47,4562.95,344.45,193.79,218.98,35.65,697.85,7822.35,129.0,1850.55,5012.65
2024-12-10,11745.8,27119.3,2655.3,573.5,2249.45,1898.7,1013.95,855.5,1287.4,220.8,4599.0,342.25,192.28,219.98,36.8,698.0,7961.75,130.25,1847.15,4921.85
2024-12-11,11898.5,27305.5,2670.75,578.45,2250.55,1966.6,1020.45,870.75,1302.55,225.98,4699.8,341.4,196.63,221.51,37.95,699.25,7832.7,128.7,1852.65,4957.75
2024-12-12,11856.95,27228.75,2660.05,571.75,2229.45,1935.25,998.1,868.5,1295.8,225.18,4650.85,341.75,194.92,220.72,35.75,701.9,7693.6,132.0,1833.4,4847.65
2024-12-13,12083.9,27591.45,2692.7,572.75,2248.05,1921.6,1040.7,864.0,1282.15,225.46,4749.1,341.4,193.13,221.08,35.6,692.75,7683.45,130.0,1834.2,4803.8
2024-12-16,11942.5,28091.25,2685.15,576.95,2247.1,1945.95,1047.65,862.7,1272.25,221.39,4758.05,340.8,190.77,225.39,35.8,683.7,7725.05,125.05,1852.3,4901.4
2024-12-17,11774.95,28352.2,2599.7,571.1,2198.95,1934.1,1035.1,867.35,1264.95,222.2,4669.55,341.95,187.02,221.43,34.65,668.2,7592.6,131.75,1828.8,4969.5
2024-12-18,11763.95,27908.8,2594.15,564.55,2141.55,1879.3,1031.05,878.2,1272.85,218.7,4619.15,338.95,184.37,221.67,35.3,652.4,7505.05,133.5,1802.3,5105.2
2024-12-19,11670.8,27617.1,2539.05,563.3,2115.35,1851.9,1027.85,866.65,1239.05,215.34,4577.3,340.65,181.98,220.34,35.1,668.95,7588.1,131.2,1782.3,5028.55
2024-12-20,11422.8,27063.5,2488.7,548.8,2063.65,1801.9,986.1,836.45,1264.05,209.42,4517.8,336.05,174.9,219.31,34.35,661.3,7293.65,126.85,1734.6,4839.8
2024-12-23,11472.6,27199.9,2526.2,550.65,2100.9,1759.95,1000.05,829.35,1247.9,208.69,4585.55,336.65,172.09,212.1,35.25,649.75,7294.8,127.1,1721.4,4765.55
2024-12-24,11390.35,26707.7,2501.85,543.1,2079.9,1717.65,991.45,835.6,1245.35,208.15,4563.7,342.9,174.31,214.81,34.75,652.6,7343.4,128.0,1693.5,4761.8
2024-12-26,11460.65,26342.7,2482.05,548.8,2087.65,1738.55,976.55,839.05,1242.7,208.23,4595.0,344.6,171.02,211.59,33.7,643.75,7208.55,128.0,1671.5,4756.55
2024-12-27,11406.55,26049.0,2480.3,547.95,2065.6,1740.4,965.75,841.2,1246.7,212.24,4572.45,343.6,170.61,226.76,34.55,644.1,7192.75,127.35,1654.1,4777.35
2024-12-30,11288.35,25790.35,2443.5,544.6,2059.9,1771.35,955.15,834.5,1196.85,209.8,4572.7,340.7,169.82,221.05,34.3,645.2,7684.95,129.8,1660.7,4643.05
2024-12-31,11426.35,25694.2,2442.7,535.8,2052.5,1767.25,965.65,836.1,1237.5,207.81,4595.4,343.0,170.04,219.44,33.95,639.0,7587.0,126.2,1652.25,4700.55
2025-01-01,11447.0,25504.25,2442.15,538.6,2053.3,1770.95,966.05,834.7,1236.05,210.35,4582.35,344.8,170.66,224.21,34.9,655.55,7647.95,126.05,1651.45,4699.6
2025-01-02,11797.7,26689.9,2543.95,549.85,2070.15,1816.2,985.8,834.95,1244.75,210.59,4745.35,347.05,169.82,221.34,34.7,649.6,7685.7,127.05,1647.3,4701.95
2025-01-03,11786.0,26096.25,2510.0,548.7,2054.95,1807.85,985.7,818.5,1231.35,211.17,4726.55,344.15,170.46,220.29,34.45,643.15,7525.15,126.1,1621.6,4615.15
2025-01-06,11503.6,25908.6,2460.55,529.9,1984.1,1755.85,952.15,797.1,1204.75,211.01,4701.75,342.55,160.93,210.45,33.25,635.3,7288.2,121.85,1556.45,4519.25
2025-01-07,11618.55,26003.9,2467.25,535.75,2018.75,1799.25,956.8,803.65,1221.55,214.93,4823.55,341.7,163.27,215.31,32.7,631.3,7385.05,126.0,1578.8,4529.7
2025-01-08,11403.55,26027.45,2435.75,538.05,2008.0,1800.1,943.5,806.6,1220.5,215.51,4753.1,338.0,160.19,212.98,32.75,624.55,7187.95,125.0,1553.25,4607.1
2025-01-09,11259.8,25961.8,2410.4,525.25,1973.8,1802.3,934.65,803.25,1230.55,213.34,4738.8,336.55,156.6,204.3,31.6,619.8,7141.7,125.55,1550.85,4670.7
2025-01-10,10865.2,25738.3,2364.1,511.25,1931.05,1727.5,916.25,785.85,1189.4,210.1,4543.55,335.1,151.24,204.68,30.65,606.5,6886.9,122.25,1564.4,4544.85
2025-01-13,10615.15,24874.5,2288.15,493.2,1859.45,1702.1,881.75,763.25,1176.7,203.44,4364.35,335.55,162.18,194.93,29.2,570.9,6657.55,120.0,1471.5,4289.3
2025-01-14,10483.75,25130.2,2310.6,515.35,1946.25,1729.0,884.1,771.15,1176.05,213.9,4388.55,337.3,152.92,200.75,30.35,588.2,6697.7,122.05,1493.5,4366.05
2025-01-15,10521.65,25294.6,2317.55,519.3,1969.65,1737.0,879.15,784.05,1155.85,213.21,4457.7,337.55,145.54,198.94,30.0,592.65,6800.6,128.8,1476.35,4377.0
2025-01-16,10636.2,25417.45,2350.7,540.15,1987.9,1740.65,887.9,798.2,1182.45,211.54,4544.9,337.85,148.56,201.82,30.45,585.7,6872.3,135.3,1502.35,4318.5
2025-01-17,10580.0,25315.45,2375.85,536.25,2014.9,1721.95,883.95,787.9,1186.85,211.86,4541.2,339.2,152.46,207.38,30.75,582.6,6908.0,139.75,1501.45,4204.25
2025-01-20,10624.45,25146.0,2402.0,535.35,2005.7,1752.05,884.05,798.1,1179.3,214.48,4503.2,339.65,149.83,206.92,33.1,579.6,6872.0,139.95,1483.45,4021.9
2025-01-21,10667.8,25086.75,2367.5,531.75,2017.5,1771.2,871.05,794.95,1164.55,213.31,4578.0,338.9,147.42,203.03,31.85,570.05,6802.55,133.65,1464.6,3959.05
2025-01-22,10693.75,25292.55,2388.15,536.65,2000.75,1799.05,868.9,781.95,1149.85,210.88,4638.45,335.05,143.11,204.11,30.95,543.55,6716.5,131.2,1455.4,3883.85
2025-01-23,11420.9,25926.8,2461.15,548.8,2045.2,1828.35,908.55,821.45,1179.7,219.86,4789.05,333.9,142.99,206.18,30.85,536.7,6713.2,131.0,1495.5,3967.65
2025-01-24,11285.85,25783.15,2490.75,551.8,2058.95,1802.95,888.75,818.85,1169.35,214.96,4755.9,331.9,137.54,203.15,30.7,526.85,6496.9,131.25,1468.35,3803.2
2025-01-27,11239.5,25131.4,2458.05,534.9,1995.4,1795.95,884.8,824.5,1141.95,226.75,4786.3,333.2,131.53,192.4,29.3,498.6,6382.8,131.0,1462.1,3546.3
2025-01-28,11296.35,26033.0,2411.3,543.15,2001.2,1813.2,907.1,813.3,1115.35,218.31,4831.2,329.35,134.03,196.27,30.0,483.75,6180.25,129.9,1471.2,3617.4
2025-01-29,11544.85,26651.35,2453.65,522.1,2001.9,1856.45,926.2,813.8,1139.9,218.9,4890.8,334.7,138.07,203.82,33.0,511.1,6607.35,129.0,1474.85,3819.6
2025-01-30,11479.4,26830.5,2491.7,509.55,1993.5,1851.9,925.4,801.05,1160.6,223.75,4800.35,339.5,137.87,205.95,33.0,499.2,6587.75,132.0,1467.75,3773.05
2025-01-31,11487.45,27795.9,2508.85,512.8,2007.65,1866.35,917.5,804.1,1167.5,218.08,4834.85,340.7,141.07,202.7,33.0,510.0,6688.2,127.75,1507.3,3968.8
2025-02-01,11259.15,27363.75,2440.75,501.5,2001.05,1827.4,896.8,812.05,1167.75,221.16,4725.1,339.55,136.12,201.19,33.0,506.7,6776.6,,1508.75,3746.15
2025-02-03,11174.65,27555.35,2473.65,495.15,1990.5,1810.45,879.75,800.6,1139.85,216.8,4751.35,337.1,131.82,199.47,33.0,521.25,6922.3,125.5,1494.9,3866.2
2025-02-04,11519.15,27933.4,2484.7,513.7,2026.35,1852.7,907.8,794.6,1173.3,219.76,4878.95,338.75,132.61,218.5,33.0,519.5,6786.85,126.1,1504.7,3991.95
2025-02-05,11585.7,28402.1,2490.0,521.8,2046.45,1887.55,900.0,783.7,1160.6,219.36,4934.85,340.25,135.88,219.46,33.0,514.95,6873.75,125.7,1519.8,4006.5
2025-02-06,11477.35,27822.55,2499.0,514.15,1993.85,1868.0,890.25,839.45,1189.9,220.13,4898.3,341.2,136.63,217.84,33.0,505.35,6910.1,121.8,1478.7,3968.75
2025-02-07,11640.6,28249.1,2487.6,512.75,1999.1,1849.75,894.8,843.6,1174.8,217.77,4879.7,338.4,133.67,214.63,33.0,501.85,6786.0,122.55,1472.15,4020.0
2025-02-10,11532.3,28044.05,2473.25,506.75,1962.15,1823.25,893.65,803.6,1121.15,213.87,4810.45,337.75,127.79,209.54,33.0,501.85,6591.0,119.15,1446.55,3928.15
2025-02-11,11300.2,27989.75,2491.45,499.9,1935.3,1786.05,876.85,797.05,1060.35,207.74,4823.05,336.65,124.02,200.44,33.0,478.35,6502.05,116.2,1415.15,3900.0
2025-02-12,11478.5,28235.05,2484.95,501.1,1928.75,1800.05,867.2,790.05,1026.3,206.6,4749.65,335.05,127.47,201.86,33.0,467.4,6332.85,114.0,1394.2,3887.05
2025-02-13,11546.45,28225.0,2490.1,502.5,1914.15,1798.4,861.8,756.15,1027.0,204.48,4795.95,335.75,122.65,195.04,33.0,472.0,6192.85,114.0,1370.7,3877.75
2025-02-14,11263.85,28556.05,2431.3,489.5,1873.95,1782.45,844.65,744.9,993.15,198.6,4657.25,331.9,119.01,192.44,33.0,462.75,6170.95,111.8,1332.6,3765.25
2025-02-17,11490.1,28309.15,2463.85,488.3,1911.5,1808.15,860.75,728.95,989.55,199.45,4637.9,329.6,118.7,193.29,33.0,464.9,6049.9,102.0,1384.5,3627.8
2025-02-18,11308.9,28361.2,2463.2,486.75,1880.4,1799.9,850.2,702.75,948.65,195.72,4517.45,329.45,116.4,188.82,33.0,458.2,5968.95,106.9,1362.9,3662.6
2025-02-19,11291.55,28655.15,2463.2,479.9,1867.1,1770.75,862.05,710.6,974.95,200.79,4621.85,328.65,121.55,187.97,33.0,435.2,5989.2,102.45,1371.7,3713.6
2025-02-20,11287.6,28496.75,2453.7,482.85,1886.85,1784.4,860.1,708.1,1009.9,203.28,4672.55,327.95,123.11,191.21,33.0,443.25,5945.6,101.75,1399.6,3740.4
2025-02-21,11157.25,28405.7,2431.05,481.95,1884.0,1741.75,852.35,709.85,1010.05,202.82,4580.15,322.35,122.12,192.17,33.0,438.2,5826.6,102.0,1387.2,3670.05
2025-02-24,11042.65,28292.4,2393.7,470.4,1851.1,1737.25,849.95,703.4,1009.55,199.01,4589.75,319.6,121.86,198.01,33.0,427.75,5576.2,103.0,1398.4,3694.35
2025-02-25,10964.15,28197.45,2379.3,469.25,1834.05,1728.05,850.35,703.75,1005.35,197.48,4575.0,320.25,121.43,193.58,33.0,438.5,5401.4,106.9,1389.45,3575.95
2025-02-27,10447.65,28306.4,2339.95,469.8,1825.3,1730.1,842.85,693.0,992.45,197.03,4517.15,327.15,119.39,192.64,33.0,439.15,5393.65,101.25,1388.1,3489.45
2025-02-28,10128.45,27284.0,2306.65,464.95,1818.55,1689.65,829.0,671.6,972.6,192.42,4389.35,329.55,114.02,187.21,33.0,443.55,5291.25,100.5,1337.25,3329.0
2025-03-03,10340.8,27678.9,2377.45,471.8,1825.75,1711.9,841.6,677.1,934.25,190.04,4448.75,330.4,110.89,189.59,33.0,424.65,5273.5,100.0,1348.35,3532.8
2025-03-04,10370.1,27363.35,2394.65,475.0,1828.85,1699.25,846.5,682.2,949.6,200.13,4405.6,327.45,111.2,193.38,33.0,437.45,5422.55,99.95,1306.85,3377.35
2025-03-05,10464.2,28155.45,2391.65,491.1,1857.25,1707.1,860.8,703.45,971.2,201.89,4464.1,332.6,118.0,195.65,33.0,439.25,5509.2,98.0,1317.85,3406.15
2025-03-06,10493.5,28061.75,2393.65,498.5,1869.85,1713.9,876.3,721.8,993.05,204.73,4505.1,337.5,127.78,194.37,33.0,450.15,5587.7,102.5,1330.7,3399.45
2025-03-07,10582.4,27985.2,2407.25,499.8,1885.75,1696.35,871.65,728.8,1015.8,199.82,4421.55,336.45,129.66,195.49,33.0,447.9,5563.3,102.2,1332.65,3390.45
2025-03-10,10520.1,27883.65,2383.95,489.6,1860.6,1673.7,863.15,720.35,1010.55,196.26,4397.45,340.25,126.31,189.22,33.0,434.3,5508.3,100.0,1289.15,3319.45
2025-03-11,10439.25,27937.0,2413.55,495.55,1877.85,1686.45,854.65,717.4,1036.15,193.88,4346.85,346.75,127.25,191.0,33.0,421.1,5306.2,95.25,1287.05,3333.95
2025-03-12,10520.4,27531.0,2398.9,489.2,1865.6,1641.1,820.1,730.85,1024.15,191.38,4350.65,347.05,126.78,188.37,33.0,414.5,5303.2,96.0,1265.1,3356.85
2025-03-13,10452.1,27495.15,2370.2,485.8,1854.0,1607.1,801.55,708.2,996.5,193.07,4271.3,347.35,122.55,187.31,33.0,409.5,5199.3,93.6,1238.3,3343.75
2025-03-17,10547.1,27734.6,2399.35,490.55,1883.1,1663.35,831.3,741.55,1003.65,188.67,4356.05,348.75,122.22,182.02,33.0,407.0,5082.4,90.1,1238.05,3345.1
2025-03-18,10547.1,27734.6,2399.35,490.55,1883.1,1663.35,831.3,741.55,1003.65,188.67,4356.05,348.75,122.22,182.02,33.0,407.0,5082.4,93.0,1238.05,3345.1
2025-03-19,10933.25,28527.85,2458.2,507.05,1900.0,1726.25,855.95,760.5,1033.05,193.77,4639.65,346.0,124.98,186.2,33.0,422.85,5308.55,99.65,1261.0,3429.8
2025-03-20,10948.15,28628.85,2468.15,504.7,1889.6,1696.25,848.95,763.5,1040.35,193.8,4660.65,347.45,125.09,185.65,33.0,425.35,5416.5,104.5,1274.3,3493.75
2025-03-21,10976.75,28987.4,2469.4,514.5,1915.65,1747.4,855.85,772.7,1042.8,195.79,4822.5,336.95,126.84,190.74,33.0,439.15,5600.8,110.6,1291.55,3427.85
2025-03-24,11051.2,29442.65,2513.2,519.3,1933.35,1744.75,861.1,774.95,1060.4,194.86,4740.75,341.95,128.62,191.31,33.0,432.7,5659.65,113.1,1315.4,3503.9
2025-03-25,11421.2,29544.05,2569.45,520.55,1930.85,1745.7,862.5,793.1,1090.6,196.29,4749.25,337.85,127.52,189.89,33.0,433.65,5637.75,108.0,1288.85,3458.15
2025-03-26,11402.1,29931.1,2581.6,532.45,1933.7,1760.75,852.15,786.1,1059.05,196.68,4712.45,336.65,127.15,188.23,33.0,420.75,5650.8,110.0,1278.85,3415.8
2025-03-27,11599.6,30146.45,2618.7,542.8,1964.1,1813.55,882.75,791.05,1077.7,197.12,4885.8,338.2,137.98,184.13,33.0,417.05,5724.9,100.8,1294.55,3460.25
2025-03-28,11509.55,30502.95,2611.15,538.35,1942.65,1821.55,896.75,774.1,1055.85,197.79,4932.65,339.95,135.42,182.29,33.0,419.6,5638.8,99.65,1294.25,3426.25
2025-04-01,11378.65,30246.4,2619.0,529.9,1952.2,1786.45,901.15,796.55,1094.35,197.68,4932.4,340.9,134.52,187.32,33.0,425.2,5642.7,102.04,1309.45,3331.75
2025-04-02,11250.95,30273.4,2616.5,534.05,1963.85,1817.15,916.65,793.5,1093.95,198.26,4992.6,345.95,131.54,190.04,33.0,428.55,5734.5,103.02,1340.65,3355.15
2025-04-03,11606.6,30902.0,2651.9,540.7,1994.85,1857.15,941.4,806.7,1144.85,201.36,4997.9,351.3,136.67,193.17,33.0,434.45,5705.95,106.49,1358.35,3424.3
2025-04-04,11498.65,30694.5,2616.9,528.2,1966.3,1845.45,941.55,791.65,1099.7,193.74,4954.7,350.0,131.15,187.9,33.0,425.7,5511.35,104.0,1336.85,3278.6
2025-04-07,11191.6,29751.55,2509.1,525.2,1929.1,1786.25,921.15,785.15,1090.15,185.84,4799.2,350.75,124.15,190.51,33.0,411.7,5398.45,98.1,1287.7,3112.4
2025-04-08,11270.45,30433.2,2590.05,536.8,1973.55,1808.35,933.9,790.35,1132.9,191.68,4886.15,352.5,127.8,193.6,33.0,412.15,5459.15,104.0,1269.4,3208.05
2025-04-09,11397.05,30370.25,2557.75,547.8,1986.7,1825.9,941.1,795.9,1091.55,194.79,4884.9,356.1,128.13,192.96,33.0,407.55,5412.8,103.99,1265.9,3133.4
2025-04-11,11502.65,30107.95,2651.25,548.65,2007.35,1811.65,936.85,788.95,1109.95,194.91,4957.45,357.8,130.93,193.27,33.0,421.4,5393.5,104.0,1248.9,3168.5
2025-04-15,11719.0,31125.0,2718.6,558.05,2046.9,1869.2,969.3,828.7,1134.1,200.19,5059.4,359.15,134.32,206.15,33.0,437.9,5664.5,105.5,1294.3,3378.5
2025-04-16,11728.0,30800.0,2702.8,565.75,2059.3,1846.4,962.2,813.6,1112.2,199.75,5050.9,358.6,134.72,210.74,33.0,438.8,5681.5,106.49,1313.8,3398.2
2025-04-17,11901.0,31000.0,2760.7,569.8,2061.7,1851.6,967.35,814.4,1105.6,199.69,5060.8,356.3,134.57,210.62,33.0,440.3,5656.0,105.5,1306.8,3397.6
2025-04-21,11934.0,31155.0,2756.9,578.9,2088.4,1922.5,982.0,816.6,1104.8,201.25,5054.6,360.1,135.29,211.06,33.0,441.45,5670.0,112.0,1336.7,3514.8
2025-04-22,11959.0,30910.0,2749.4,577.9,2081.7,1903.5,978.55,821.05,1112.8,200.99,5151.9,354.8,137.43,213.1,33.0,443.15,5803.0,111.0,1368.6,3522.2
2025-04-23,11949.0,30365.0,2685.6,574.35,2051.9,1889.4,976.7,799.8,1102.6,199.01,5081.6,353.3,134.64,213.42,33.0,445.4,5693.0,109.0,1407.6,3526.0
2025-04-24,12159.0,30705.0,2729.2,572.0,2066.2,1974.1,987.55,813.35,1115.5,199.13,5262.0,354.25,136.35,212.38,33.0,443.7,5679.0,105.85,1391.3,3511.7
2025-04-25,12237.0,30540.0,2734.8,548.7,1938.0,1965.9,968.65,799.25,1084.6,194.48,5245.3,352.15,130.13,209.62,33.0,425.75,5471.5,105.85,1343.6,3477.8
2025-04-28,12114.0,30400.0,2753.4,544.95,1925.1,1983.7,966.8,799.5,1088.5,194.13,5124.6,352.05,130.68,209.97,33.0,430.0,5416.5,102.75,1370.8,3635.1
2025-04-29,11869.0,30025.0,2745.7,533.95,1892.2,1954.8,956.85,800.5,1097.7,195.42,5152.4,350.95,128.89,212.12,33.0,429.75,5455.0,104.98,1364.5,3584.5
2025-04-30,11641.0,29710.0,2737.5,539.7,1888.0,1942.7,943.6,776.95,1060.0,191.69,5112.7,349.7,123.44,209.45,33.0,428.7,5357.0,100.0,1345.1,3539.0
2025-05-02,11613.0,29280.0,2724.0,528.45,1864.5,1945.6,939.8,765.9,1070.0,191.55,5161.0,349.5,121.78,214.94,33.0,420.9,5350.5,98.5,1317.3,3431.1
2025-05-05,11670.0,29470.0,2755.1,541.4,1882.3,1941.0,946.65,780.1,1072.1,192.42,5160.5,351.6,123.21,215.93,33.0,419.85,5377.5,100.0,1340.8,3502.4
2025-05-06,11693.0,29485.0,2728.7,535.15,1848.9,1952.4,949.5,776.5,1050.1,190.54,5104.5,348.25,122.32,207.64,33.0,416.45,5311.5,97.5,1299.7,3447.9
2025-05-07,11658.0,29570.0,2699.9,535.2,1844.9,1974.3,949.0,780.3,1054.5,189.71,5048.5,350.75,122.88,210.39,33.0,420.95,5401.5,97.5,1287.4,3455.2
2025-05-08,11631.0,29410.0,2698.7,524.4,1809.0,1964.4,951.05,770.1,1058.4,188.24,5061.5,350.75,121.36,205.28,33.0,430.85,5521.0,100.5,1282.5,3480.4
2025-05-09,11364.0,29230.0,2634.8,527.45,1811.6,1916.8,939.45,770.85,1057.4,187.66,5108.0,354.4,121.16,201.49,33.0,438.0,5832.0,97.5,1273.4,3483.8
2025-05-12,11736.0,30135.0,2742.8,541.65,1858.8,1980.9,952.3,802.7,1268.8,195.66,5119.0,354.0,127.67,209.54,33.0,461.5,6614.5,102.5,1330.3,3580.1
2025-05-13,11661.0,30145.0,2708.7,536.9,1853.4,2006.7,975.75,812.75,1334.8,195.12,5202.0,354.65,128.27,211.43,33.0,465.05,6492.0,106.91,1344.1,3588.2
2025-05-14,11672.0,30620.0,2737.2,543.6,1861.0,2056.1,994.3,861.95,1378.4,198.45,5308.5,352.45,133.33,213.95,33.0,460.9,6491.0,103.41,1326.7,3569.6
2025-05-15,11894.0,31400.0,2824.8,547.55,1883.6,2085.8,1002.75,860.5,1382.5,198.18,5246.5,353.8,140.92,220.1,33.0,468.65,6476.5,106.0,1344.0,3642.7
2025-05-16,11905.0,31615.0,2804.2,563.5,1928.4,2070.1,1004.15,860.9,1384.0,199.4,5251.5,356.6,142.56,223.74,33.0,466.8,6537.5,104.8,1359.7,3681.9
2025-05-19,11929.0,31600.0,2727.0,565.55,1930.0,2063.9,998.95,865.35,1407.5,198.76,5276.0,355.05,144.52,221.82,33.0,476.85,6499.0,106.1,1419.1,3839.4
2025-05-20,11697.0,31525.0,2720.8,562.05,1920.2,2057.2,981.15,873.35,1377.9,195.1,5145.5,351.25,141.3,223.71,33.0,474.8,6330.0,109.1,1365.2,3723.8
2025-05-21,11666.0,31490.0,2706.9,567.8,1941.4,2089.3,978.8,852.7,1386.6,195.83,5145.5,349.75,142.51,224.41,33.0,473.1,6410.5,107.25,1377.7,3826.0
2025-05-22,11680.0,31410.0,2674.6,567.75,1944.3,2106.9,987.8,852.2,1390.7,198.41,5094.0,352.35,140.66,225.55,33.0,470.55,6402.5,103.5,1442.4,3822.0
2025-05-23,11746.0,31495.0,2659.4,570.9,1959.4,2143.0,1006.1,887.0,1402.9,201.02,5108.5,349.85,143.92,224.33,33.0,477.65,6365.5,104.0,1456.7,3914.2
2025-05-26,11689.0,31100.0,2656.4,567.15,1958.4,2056.1,982.75,874.65,1404.9,202.81,5213.0,349.85,141.45,224.57,33.0,475.35,6502.0,103.0,1508.7,4036.2
2025-05-27,11421.0,30950.0,2614.2,562.7,1936.8,2064.2,973.6,865.5,1405.8,200.23,5292.0,350.8,141.57,217.53,33.0,476.25,6459.5,105.0,1527.4,4200.4
2025-05-28,11238.0,29895.0,2577.6,561.65,1920.1,2049.9,956.7,848.6,1377.0,201.17,5453.0,352.8,143.68,215.1,33.0,475.45,6383.5,101.05,1524.9,4253.8
2025-05-29,11269.0,29915.0,2573.6,561.45,1917.3,2052.7,952.6,840.3,1390.5,199.25,5402.5,351.6,143.55,214.48,33.0,478.15,6420.5,96.02,1501.8,4247.4
2025-05-30,11210.0,29595.0,2545.8,553.5,1882.8,2016.4,975.95,846.85,1374.4,197.49,5497.5,350.3,144.7,214.27,33.0,478.3,6362.0,96.74,1498.1,4146.2
2025-06-02,11195.0,29410.0,2524.1,555.55,1884.1,2076.0,986.95,835.85,1384.2,196.59,5478.0,348.7,141.45,213.95,33.0,476.55,6429.5,94.9,1509.6,4206.2
2025-06-03,11035.0,29375.0,2552.4,552.4,1879.2,2062.0,987.65,813.15,1370.4,194.2,5493.0,347.85,138.76,210.21,33.0,467.7,6536.5,94.0,1495.7,4192.7
2025-06-04,11033.0,29440.0,2549.7,552.45,1877.0,2060.0,999.4,805.45,1359.5,192.94,5579.0,345.85,137.59,213.17,33.0,459.5,6606.5,95.99,1522.4,4286.5
2025-06-05,11159.0,29515.0,2554.4,550.15,1884.9,2089.2,1005.3,805.1,1366.8,193.72,5715.0,349.75,137.68,210.29,33.0,468.65,6587.0,92.28,1510.2,4353.1
2025-06-06,11253.0,29600.0,2574.4,555.15,1904.3,2116.2,1005.05,815.45,1378.4,194.93,5876.5,353.85,137.96,219.14,33.0,470.05,6609.5,92.69,1526.3,4345.7
2025-06-09,11260.0,29825.0,2608.5,560.0,1905.6,2121.6,1039.15,828.7,1397.6,196.33,5772.0,333.2,139.18,225.58,33.0,564.05,7052.0,92.25,1534.9,4400.6
2025-06-10,11391.0,29825.0,2708.0,561.1,1913.1,2159.8,1067.75,837.65,1393.6,197.47,5766.0,328.8,151.07,222.47,33.0,592.2,7053.0,98.0,1520.7,4406.4
2025-06-11,11464.0,29830.0,2722.2,561.25,1905.8,2143.1,1071.15,843.5,1383.7,196.83,5971.5,315.05,159.97,222.99,33.0,560.2,6998.0,98.0,1525.6,4350.7
2025-06-12,11323.0,29690.0,2689.1,548.35,1865.5,2104.0,1054.8,829.4,1364.4,195.51,6001.5,304.4,158.3,219.08,33.0,546.75,7005.5,97.1,1499.2,4282.2
2025-06-13,11224.0,29610.0,2663.8,542.5,1846.2,2089.3,1062.55,831.9,1356.4,193.19,6082.5,292.1,152.99,218.73,33.0,567.8,6998.0,95.11,1528.1,4349.8
2025-06-16,11495.0,29805.0,2704.9,550.15,1872.7,2095.7,1070.85,821.0,1359.0,192.96,5978.5,288.25,155.36,214.6,33.0,576.8,7036.5,99.16,1552.5,4557.3
2025-06-17,11383.0,29620.0,2671.4,550.9,1860.7,2062.0,1069.3,822.2,1339.8,196.62,5901.0,303.15,155.07,212.23,33.0,591.55,7054.0,98.95,1564.0,4644.4
2025-06-18,11406.0,29305.0,2675.4,545.05,1840.6,2049.0,1032.35,812.85,1336.9,196.91,5876.0,253.7,151.26,208.0,33.0,582.6,6968.5,96.0,1571.8,4616.6
2025-06-19,11420.0,29310.0,2693.2,532.8,1825.6,2043.3,1017.15,810.55,1287.8,195.5,5814.0,245.0,146.15,208.56,33.0,552.85,6863.0,92.42,1519.5,4441.3
2025-06-20,11458.0,28875.0,2712.6,533.45,1823.0,2040.2,1012.1,818.0,1266.0,196.16,5693.5,231.0,147.53,217.78,33.0,550.5,6604.0,94.8,1558.5,4465.8
2025-06-23,11449.0,28565.0,2723.7,535.55,1817.2,2071.7,1015.85,815.45,1272.4,195.18,5668.5,226.1,147.3,225.15,33.0,545.15,6734.5,94.0,1498.7,4482.0
2025-06-24,11579.0,28505.0,2780.9,554.2,1847.8,2075.2,1020.85,824.85,1283.9,196.33,5832.5,222.3,152.01,225.31,33.0,559.5,6785.5,94.0,1501.0,4472.9
2025-06-25,11733.0,29075.0,2831.8,559.4,1854.2,2094.2,1042.85,835.35,1311.6,202.53,6032.5,227.5,154.38,226.61,33.0,558.25,6775.5,98.0,1505.4,4412.0
2025-06-26,11951.0,30105.0,2883.3,566.75,1881.7,2191.8,1050.4,838.55,1317.3,203.52,6063.0,238.0,152.64,227.74,33.0,549.65,6596.5,96.4,1522.3,4374.5
2025-06-27,12213.0,31030.0,2861.1,574.95,1920.2,2208.6,1055.0,886.25,1338.5,206.43,6336.0,242.4,155.25,230.3,33.0,571.4,6816.0,96.5,1500.4,4342.0
2025-06-30,12093.0,31030.0,2844.5,577.45,1917.2,2207.6,1075.2,899.45,1342.4,205.62,6150.0,242.05,154.76,234.09,33.0,562.4,6875.0,94.0,1506.8,4391.4
2025-07-01,12210.0,31185.0,2848.1,580.25,1921.4,2188.9,1077.2,952.15,1343.6,205.35,6136.0,237.8,153.39,234.23,33.0,556.75,6788.5,93.5,1494.4,4375.8
2025-07-02,12436.0,31640.0,2849.8,594.2,1939.4,2220.1,1088.4,986.0,1358.7,214.54,6159.0,241.02,159.8,233.12,33.0,562.5,6653.0,91.95,1494.2,4302.4
2025-07-03,12398.0,31420.0,2817.6,588.75,1956.5,2209.8,1075.7,990.0,1363.4,220.04,6347.0,238.84,159.1,234.61,33.0,576.85,6765.0,95.59,1493.1,4261.6
2025-07-04,12506.0,31315.0,2805.9,595.75,1965.0,2179.3,1092.4,982.1,1401.0,218.63,6252.0,241.43,159.36,232.93,33.0,590.65,6750.0,95.59,1482.2,4265.2
2025-07-07,12345.0,31105.0,2779.1,592.0,1964.5,2154.4,1085.6,978.3,1383.8,212.58,6246.0,235.73,158.06,232.08,33.0,577.05,6738.0,94.0,1488.7,4273.6
2025-07-08,12445.0,31300.0,2820.8,591.55,1980.0,2154.0,1099.4,980.25,1389.0,211.92,6297.5,234.6,156.79,226.46,33.0,583.4,6779.0,98.26,1486.0,4196.1
2025-07-09,12562.0,31615.0,2797.9,590.35,1990.6,2175.8,1102.2,979.3,1389.2,209.48,6392.5,236.79,159.7,223.13,33.0,577.55,6779.5,111.91,1492.6,4194.7
2025-07-10,12516.0,31175.0,2775.1,585.4,2001.5,2171.7,1105.3,978.0,1390.6,207.58,6410.0,232.97,157.16,214.32,33.0,577.15,6827.0,120.64,1491.6,4149.2
2025-07-11,12495.0,31210.0,2762.0,587.15,1982.5,2176.4,1140.6,978.85,1367.4,211.78,6447.5,240.88,157.1,214.25,33.0,563.75,6673.5,142.63,1475.1,4114.2
2025-07-14,12516.0,31100.0,2784.4,590.15,1977.9,2159.1,1133.8,971.8,1370.0,215.24,6510.5,237.1,156.95,216.75,33.0,563.0,6626.5,156.89,1495.0,4112.0
2025-07-15,12502.0,31080.0,2778.6,593.1,1979.9,2182.3,1151.3,979.05,1385.0,212.88,6456.0,237.05,161.17,217.26,33.0,565.0,6507.0,172.57,1505.0,4240.5
2025-07-16,12453.0,30955.0,2762.4,595.5,1991.9,2164.2,1166.9,971.15,1403.1,213.13,6490.5,237.39,163.38,228.39,33.0,564.9,6925.5,188.23,1492.6,4235.9
2025-07-17,12495.0,30845.0,2766.3,594.6,1978.8,2189.6,1177.2,1001.0,1419.2,212.25,6430.5,234.19,161.25,232.54,33.0,561.8,7052.5,178.82,1505.1,4265.8
2025-07-18,12498.0,30790.0,2728.5,596.7,1969.9,2251.8,1154.6,991.05,1416.2,211.99,6498.0,235.83,158.88,231.55,33.0,562.2,6921.5,181.7,1506.9,4216.6
2025-07-21,12577.0,31535.0,2741.9,613.25,1978.4,2262.2,1149.6,994.9,1389.6,214.17,6416.0,236.68,159.89,234.2,33.0,560.0,6907.0,190.59,1501.0,4200.2
2025-07-22,12452.0,32345.0,2722.7,620.55,1958.9,2320.2,1190.0,1008.35,1465.6,213.58,6490.0,245.01,162.69,234.0,33.0,547.35,6868.0,197.0,1475.0,4088.1
2025-07-23,12372.0,32115.0,2709.1,620.4,1950.0,2269.7,1189.1,996.6,1461.0,217.58,6614.5,255.58,161.07,226.05,33.0,563.45,6787.0,202.0,1483.1,4133.4
2025-07-24,12304.0,31745.0,2735.9,620.4,1890.0,2269.1,1178.2,983.75,1450.2,214.64,6622.0,256.86,159.44,226.55,33.0,552.25,6708.0,210.68,1472.6,4242.7
2025-07-25,12250.0,30950.0,2708.6,613.1,1847.7,2230.4,1144.1,945.05,1423.4,212.43,6479.0,252.37,157.06,224.44,33.0,536.6,6613.5,206.75,1440.2,4311.7
2025-07-28,12240.0,30695.0,2727.2,611.05,1825.6,2205.3,1170.1,934.0,1443.4,210.22,6439.0,243.53,156.3,220.98,33.0,527.55,6542.0,203.0,1411.9,4295.6
2025-07-29,12221.0,30410.0,2743.0,610.05,1827.4,2198.6,1193.3,952.45,1512.9,217.7,6502.0,244.15,157.46,222.2,33.0,525.1,6482.5,200.0,1419.3,4325.4
2025-07-30,12268.0,30590.0,2758.6,617.85,1811.2,2239.5,1201.4,964.4,1384.7,215.81,6613.0,246.58,158.96,221.8,33.0,527.1,6513.5,204.0,1430.7,4279.2
2025-07-31,12249.0,30810.0,2746.4,592.7,1788.4,2235.5,1177.2,971.35,1351.5,212.9,6659.0,247.28,153.23,219.59,33.0,540.05,6545.0,208.08,1401.2,4306.9
2025-08-01,12113.0,30675.0,2722.2,607.95,1794.6,2204.4,1151.1,973.95,1318.7,210.8,6681.5,240.25,150.64,214.35,33.0,528.85,6434.0,212.2,1403.1,4249.1
2025-08-04,12257.0,30645.0,2787.8,605.25,1790.2,2226.8,1171.4,950.8,1298.7,213.17,6784.0,245.78,151.18,217.31,33.0,524.55,6577.5,216.4,1428.5,4291.0
2025-08-05,12298.0,30205.0,2797.2,602.7,1801.8,2242.7,1161.1,930.3,1297.5,213.57,6928.0,245.07,149.94,216.64,33.0,532.9,6405.5,220.7,1427.0,4268.4
2025-08-06,12226.0,30570.0,2765.8,589.9,1830.4,2250.8,1149.3,919.2,1264.8,210.32,6960.0,238.75,145.81,214.49,33.0,519.0,6261.0,225.1,1418.3,4183.8
2025-08-07,12273.0,30655.0,2743.7,592.35,1817.8,2267.1,1136.9,917.8,1251.4,211.17,6888.5,242.69,148.56,210.02,33.0,513.05,6243.5,229.6,1415.9,4176.8
2025-08-08,12157.0,30415.0,2691.6,580.0,1788.2,2243.4,1071.8,903.8,1249.2,210.24,7051.0,232.95,146.21,208.72,33.0,525.45,6205.5,234.0,1375.8,4150.5
2025-08-11,12405.0,30640.0,2758.9,588.85,1786.2,2224.6,1070.4,904.35,1289.6,211.59,6962.0,236.8,143.38,222.07,33.0,523.85,6388.0,238.65,1381.6,4354.7
2025-08-12,12449.0,30410.0,2740.4,587.15,1787.7,2253.4,1059.3,914.55,1289.6,212.47,7025.0,237.9,140.9,215.93,33.0,529.45,6356.0,243.4,1269.3,4219.8
2025-08-13,12401.0,30410.0,2745.9,580.85,1786.3,2270.8,1065.9,908.95,1296.7,214.98,6940.0,234.83,144.21,216.62,33.0,514.85,6410.5,248.25,1292.1,4300.0
2025-08-14,12317.0,30400.0,2764.9,578.05,1782.7,2270.3,1066.7,896.85,1271.6,213.78,7001.5,233.82,143.09,215.69,33.0,510.45,6398.0,253.2,1279.2,4297.7
2025-08-18,12765.0,31340.0,2845.9,590.05,1843.5,2330.8,1087.3,946.0,1288.0,217.99,7305.5,238.87,145.56,219.73,33.0,503.5,6499.0,258.25,1313.7,4496.0
2025-08-19,12863.0,30905.0,2828.3,592.4,1859.5,2346.5,1086.5,939.8,1292.6,220.02,7398.5,239.36,148.73,218.0,33.0,510.5,6498.5,263.4,1366.1,4598.1
2025-08-20,12874.0,30690.0,2864.9,591.9,1863.1,2344.4,1114.6,939.55,1271.5,215.2,7539.0,239.64,148.31,220.02,33.0,511.75,6500.0,268.65,1393.8,4541.6
2025-08-21,12870.0,30605.0,2881.2,588.75,1849.9,2348.9,1111.4,940.05,1309.4,214.73,7134.0,242.84,149.16,217.53,33.0,514.8,6477.5,274.0,1421.4,4576.4
2025-08-22,12589.0,30005.0,2813.8,577.15,1821.1,2326.4,1073.3,925.05,1295.8,214.19,6841.0,237.71,149.42,216.52,33.0,493.45,6528.5,279.45,1425.1,4637.8
2025-08-25,12606.0,30015.0,2811.4,581.0,1807.7,2347.5,1063.6,930.1,1282.9,211.72,6949.5,235.34,148.55,217.41,33.0,489.25,6467.0,285.0,1414.3,4631.2
2025-08-26,12610.0,30110.0,2796.2,572.8,1798.5,2358.2,1043.5,925.7,1256.6,210.84,6933.5,231.91,147.87,215.03,33.0,472.05,6312.5,290.7,1390.1,4574.4
2025-08-28,12521.0,29675.0,2784.3,561.8,1801.0,2351.4,1034.3,918.05,1250.8,209.67,6986.0,227.5,147.35,212.59,33.0,460.4,6247.0,296.5,1361.8,4506.5
2025-08-29,12640.0,29275.0,2775.6,563.2,1801.8,2401.5,1046.8,921.15,1251.6,205.53,6946.5,217.21,146.11,211.28,33.0,457.55,6311.0,292.0,1359.8,4471.2
2025-09-01,12826.0,29870.0,2803.9,567.1,1818.4,2403.3,1058.5,947.15,1274.9,208.18,7067.5,221.84,147.63,214.4,33.0,450.5,6287.0,297.8,1407.3,4574.8
2025-09-02,12730.0,29995.0,2779.8,567.25,1822.0,2402.2,1080.6,948.95,1298.0,210.4,6994.0,225.74,149.83,215.26,33.0,457.05,6333.0,301.8,1417.9,4591.3
2025-09-03,12733.0,29940.0,2781.4,573.75,1843.1,2411.6,1084.4,961.15,1302.2,213.76,6755.5,225.16,150.27,217.51,33.0,480.25,6308.0,301.8,1425.7,4631.0
2025-09-04,12651.0,29945.0,2809.8,567.7,1840.4,2408.6,1090.3,934.15,1293.4,214.85,6678.5,226.54,149.08,216.49,33.0,474.9,6365.0,302.0,1421.3,4589.9
2025-09-05,12601.0,30040.0,2804.0,566.7,1829.0,2410.3,1069.8,927.85,1280.1,214.38,6634.0,223.99,146.0,213.91,33.0,465.15,6341.0,308.0,1454.9,4577.7
2025-09-08,12664.0,30485.0,2804.1,570.3,1838.3,2410.0,1049.8,923.85,1296.1,213.43,6797.5,222.47,146.93,213.05,33.0,473.05,6384.5,314.15,1462.0,4462.0
2025-09-09,12572.0,30190.0,2795.9,567.6,1850.2,2410.6,1055.3,910.4,1281.0,213.71,6692.5,222.42,145.69,212.78,33.0,476.5,6344.5,320.4,1462.0,4378.5
2025-09-10,12478.0,29890.0,2785.8,566.85,1848.8,2401.5,1045.9,906.85,1291.4,218.96,6586.0,221.58,148.56,213.78,33.0,479.15,6374.0,326.8,1438.4,4282.5
2025-09-11,12392.0,29830.0,2799.0,560.4,1844.3,2409.8,1031.0,906.55,1273.7,219.53,6625.0,223.07,149.92,212.14,33.0,477.25,6341.5,333.3,1440.4,4353.3
2025-09-12,12370.0,29580.0,2802.0,560.55,1850.4,2411.4,1030.9,902.2,1270.2,212.31,6555.0,220.55,148.79,213.45,33.0,485.55,6322.0,339.95,1461.1,4532.7
2025-09-15,12435.0,29275.0,2802.4,568.75,1860.8,2415.0,1046.0,908.8,1276.1,209.18,6475.0,222.42,148.59,210.74,33.0,499.05,6319.0,346.0,1458.5,4496.0
2025-09-16,12578.0,29575.0,2843.0,573.65,1866.0,2427.9,1040.0,913.9,1290.7,210.6,6689.0,226.32,149.5,210.25,33.0,487.5,6339.5,352.9,1476.8,4593.9
2025-09-17,12721.0,29685.0,2865.4,582.05,1856.0,2476.2,1062.2,913.05,1291.8,210.82,6777.5,228.77,148.82,211.41,33.0,485.45,6374.0,359.95,1459.7,4508.5
2025-09-18,12626.0,29960.0,2878.8,581.0,1858.1,2448.2,1062.4,896.3,1284.4,210.98,6800.0,226.7,166.39,212.81,33.0,475.95,6347.5,367.1,1459.2,4475.3
2025-09-19,12508.0,29880.0,2877.9,582.45,1879.1,2409.9,1054.2,895.25,1298.9,213.29,6862.0,219.56,167.74,210.83,33.0,487.8,6264.0,359.8,1452.4,4411.4
2025-09-22,12650.0,29705.0,2854.1,590.3,1882.1,2378.5,1044.4,888.45,1301.9,215.31,6859.5,223.39,165.37,210.65,33.0,479.8,6302.0,352.65,1438.4,4371.9
2025-09-23,12401.0,29790.0,2813.5,591.6,1878.6,2339.2,1045.0,879.75,1299.2,212.76,6850.5,234.83,168.28,209.53,33.0,472.95,6180.0,345.6,1436.4,4326.3
2025-09-24,12214.0,29650.0,2807.4,582.65,1860.9,2320.8,1040.0,862.85,1282.9,207.32,6669.5,230.13,167.59,207.78,33.0,468.55,6122.5,338.7,1439.9,4348.9
2025-09-25,12141.0,29515.0,2778.6,579.4,1851.6,2262.3,1028.0,860.95,1272.2,208.11,6581.0,233.68,168.8,207.23,33.0,465.75,6128.0,331.95,1405.9,4271.1
2025-09-26,12070.0,28910.0,2746.8,565.2,1824.4,2215.4,1001.6,849.45,1237.3,204.25,6347.5,225.01,163.98,200.63,33.0,452.35,6179.5,325.35,1373.8,4234.2
2025-09-29,12041.0,29735.0,2746.9,562.15,1807.7,2229.3,996.9,841.3,1219.2,199.83,6314.5,218.83,160.48,197.15,33.0,454.95,6158.5,318.85,1366.7,4218.5
2025-09-30,12222.0,29265.0,2756.9,569.95,1824.7,2227.2,985.4,857.4,1219.4,200.79,6300.0,219.32,158.65,195.56,33.0,446.5,6162.5,312.5,1366.4,4219.6
2025-10-01,12095.0,29295.0,2789.7,571.1,1828.0,2229.4,992.7,867.8,1213.3,203.22,6305.0,223.03,158.92,198.93,33.0,457.95,6106.0,318.75,1376.4,4190.2
2025-10-03,12019.0,29180.0,2791.4,576.15,1849.1,2253.7,989.75,862.9,1207.1,200.93,6318.0,224.72,160.64,205.8,33.0,463.25,6148.5,312.4,1383.6,4209.7
2025-10-06,12055.0,29295.0,2807.4,573.8,1833.4,2251.2,979.5,860.0,1192.4,201.94,6348.0,222.69,156.8,205.99,33.0,456.95,6123.0,296.8,1383.6,4171.7
2025-10-07,12184.0,29530.0,2808.0,569.95,1857.6,2243.3,1005.7,852.3,1201.3,201.66,6470.0,223.96,155.13,206.89,33.0,462.75,6089.0,287.05,1419.4,4226.9
2025-10-08,11991.0,29285.0,2778.2,566.3,1865.6,2231.6,998.6,845.45,1200.0,199.98,6430.5,221.08,152.59,206.08,33.0,455.55,6177.0,296.0,1406.0,4154.4
2025-10-09,12192.0,29485.0,2810.6,565.9,1874.8,2234.7,1008.2,847.65,1185.4,200.76,6581.0,221.57,155.66,204.82,33.0,454.7,6023.0,310.8,1406.1,4178.8
2025-10-10,12281.0,29445.0,2811.0,569.25,1885.6,2227.7,1018.65,851.5,1187.2,199.81,6621.0,221.37,154.88,201.68,33.0,459.2,5967.0,308.85,1427.1,4237.4
2025-10-13,12172.0,29615.0,2798.0,566.75,1870.1,2234.8,1010.9,842.5,1177.8,198.67,6630.5,219.35,151.27,204.21,33.0,448.2,6012.0,309.5,1421.2,4264.2
2025-10-14,12070.0,29615.0,2775.8,563.6,1862.5,2213.0,1002.35,825.2,1169.9,196.56,6725.0,214.79,147.31,201.84,33.0,444.7,6091.0,304.4,1418.6,4167.8
2025-10-15,12311.0,29940.0,2816.8,567.0,1857.4,2219.2,1015.75,850.25,1185.1,193.77,6501.0,215.58,146.55,201.06,33.0,447.6,6053.0,301.75,1438.8,4197.5
2025-10-16,12358.0,30010.0,2859.8,569.7,1860.1,2224.4,1029.1,847.8,1185.7,196.14,6555.0,215.2,147.27,202.7,33.0,448.65,6039.0,299.0,1444.8,4240.2
2025-10-17,12370.0,29690.0,2836.2,563.6,1832.7,2245.1,1023.6,831.75,1185.1,193.43,6490.0,214.47,143.95,197.29,33.0,446.4,6002.0,299.0,1442.4,4209.0
2025-10-20,12346.0,28880.0,2854.0,565.5,1830.9,2195.9,1028.65,828.65,1179.7,193.4,6428.5,213.46,154.69,196.7,33.0,450.35,6042.5,296.0,1448.2,4192.9
2025-10-21,12342.0,28950.0,2870.7,567.5,1848.9,2185.4,1038.9,842.3,1188.5,196.34,6466.0,215.68,159.31,199.87,33.0,455.2,6069.0,296.0,1446.7,4190.4
2025-10-23,12145.0,28970.0,2864.6,564.35,1855.7,2133.8,1046.65,839.25,1177.3,194.74,6359.0,214.2,162.61,198.07,33.0,456.7,6022.0,281.2,1455.8,4151.0
2025-10-24,11918.0,28705.0,2841.3,555.0,1850.1,2098.4,1046.8,832.95,1168.8,194.37,6257.5,213.18,158.38,198.47,33.0,453.6,6072.0,284.3,1430.8,4003.7
2025-10-27,12015.0,28590.0,2923.9,560.25,1862.7,2093.2,1058.4,849.8,1175.3,194.37,6399.0,212.93,157.68,199.34,33.0,451.4,5997.0,270.1,1435.2,4000.9
2025-10-28,11931.0,28585.0,2932.9,554.9,1860.7,2128.0,1059.1,839.45,1169.7,194.5,6420.5,213.37,154.52,201.68,33.0,446.25,5967.0,280.9,1450.2,3814.2
2025-10-29,11999.0,29210.0,2958.7,571.75,1879.3,2130.8,1057.65,849.1,1179.6,200.24,6332.5,216.24,155.78,198.89,33.0,453.1,6126.5,293.05,1464.8,3849.3
2025-10-30,12053.0,28740.0,2950.4,567.9,1859.4,2099.1,1055.35,871.75,1195.0,198.34,6245.5,215.95,157.06,199.45,33.0,460.65,6183.5,288.0,1464.9,3809.3
2025-10-31,11947.0,28310.0,2891.7,565.4,1881.5,2096.8,1044.45,869.9,1178.8,196.46,6214.0,214.46,151.92,196.92,33.0,458.9,6226.5,288.0,1450.1,3812.5
2025-11-03,11950.0,27975.0,2899.9,577.2,1870.5,2081.9,1025.5,872.75,1185.5,195.38,5899.5,218.16,144.79,200.02,33.0,457.95,6283.0,289.0,1480.7,3929.5
2025-11-04,11819.0,27600.0,2882.0,567.4,1832.6,2049.6,1027.0,851.9,1198.9,193.91,5775.5,212.25,143.39,200.77,33.0,444.35,6294.5,290.0,1467.2,3888.6
2025-11-06,11910.0,27450.0,2700.1,558.4,1832.4,2048.8,1033.2,870.95,1190.0,186.36,5702.0,206.93,140.51,200.22,33.0,446.95,6184.5,283.8,1566.1,3845.1
2025-11-07,11849.0,27375.0,2724.6,558.8,1840.5,2037.5,1033.5,844.65,1217.1,188.43,5636.0,203.29,141.96,197.3,33.0,440.85,5997.0,279.6,1557.3,3831.2
2025-11-10,11728.0,27090.0,2762.9,556.1,1845.0,2055.7,1032.8,838.75,1189.5,187.38,5611.0,198.88,142.67,195.16,33.0,446.5,5923.5,289.0,1568.4,3866.5
2025-11-11,11825.0,27035.0,2775.8,557.55,1845.3,2044.8,998.8,839.05,1170.9,185.85,5526.5,191.31,143.78,193.04,33.0,451.6,5819.0,290.0,1555.8,3874.2
2025-11-12,11921.0,27095.0,2767.4,562.55,1852.9,2036.2,1005.7,839.2,1178.5,189.67,5500.5,191.89,142.73,199.61,33.0,455.8,5771.5,296.0,1585.2,3914.3
2025-11-13,11934.0,26995.0,2777.8,559.35,1844.8,2047.8,987.6,826.45,1186.9,187.41,5626.5,188.44,142.22,197.66,33.0,445.55,5686.0,290.0,1550.6,3832.0
2025-11-14,11874.0,26700.0,2783.4,563.2,1840.3,2032.6,980.3,820.5,1176.6,186.86,5556.0,185.51,145.45,206.2,33.0,441.35,5617.0,290.0,1514.0,3709.8
2025-11-17,11778.0,26680.0,2790.3,560.3,1846.7,2014.6,994.8,836.45,1179.3,184.76,5606.5,186.37,146.8,207.52,33.0,445.45,5620.5,285.0,1465.7,3625.7
2025-11-18,11707.0,26420.0,2762.0,557.8,1838.7,1991.0,984.0,823.5,1178.4,183.56,5487.0,182.77,143.75,209.05,33.0,442.4,5680.0,285.4,1449.8,3618.4
2025-11-19,11666.0,26510.0,2744.7,555.3,1836.9,2021.3,991.4,818.85,1169.4,184.79,5707.0,182.15,145.08,210.29,33.0,441.95,5651.0,285.0,1448.2,3591.0
2025-11-20,11753.0,26480.0,2748.6,555.75,1851.4,2012.1,996.8,816.9,1166.9,183.34,5633.5,179.84,141.63,205.81,33.0,441.0,5682.0,285.0,1462.4,3568.7
2025-11-21,11729.0,26480.0,2734.8,547.55,1830.1,2009.2,1010.5,794.8,1142.9,181.54,5621.0,177.14,140.19,201.81,33.0,437.15,5584.5,275.05,1452.6,3475.3
2025-11-24,11584.0,26490.0,2688.7,544.6,1913.7,2022.8,1011.0,779.4,1132.5,181.08,5553.0,163.61,139.02,201.04,33.0,432.05,5498.0,261.3,1473.2,3432.5
2025-11-25,11580.0,26455.0,2686.8,545.85,1869.1,2019.9,1006.6,781.65,1125.8,183.94,5585.0,172.6,137.06,201.06,33.0,425.45,5467.0,265.0,1465.5,3427.3
2025-11-26,11759.0,26935.0,2744.0,550.0,1884.5,2026.6,1016.9,764.6,1131.6,183.8,5925.0,170.68,139.04,203.02,33.0,430.45,5552.0,260.0,1466.0,3463.9
2025-11-27,11617.0,26755.0,2740.0,548.7,1870.2,2019.2,1019.6,760.25,1121.8,184.79,5841.0,169.21,138.02,200.04,33.0,428.15,5558.0,259.65,1471.0,3416.9
2025-11-28,11600.0,26400.0,2739.4,550.2,1850.6,2009.4,1037.5,758.85,1120.1,183.72,5758.0,166.29,136.45,199.66,33.0,422.25,5537.0,259.0,1440.8,3391.6
2025-12-01,11662.0,26415.0,2731.5,543.35,1850.5,2009.4,1023.2,770.05,1110.9,181.14,5783.5,167.69,136.32,200.06,33.0,421.5,5501.0,271.95,1440.5,3334.5
2025-12-02,11666.0,26545.0,2735.0,543.0,1851.9,1986.8,1022.5,757.85,1117.2,181.12,5797.0,163.41,137.23,199.35,33.0,418.25,5409.5,285.5,1419.7,3332.1
2025-12-03,11591.0,26300.0,2720.3,535.35,1840.2,1983.5,1027.5,759.6,1094.0,179.79,5706.5,164.11,135.83,194.98,33.0,419.5,5486.5,291.8,1409.6,3297.4
2025-12-04,11608.0,26450.0,2730.4,536.9,1815.2,1990.3,1015.4,748.55,1082.3,177.38,5618.5,162.54,133.62,195.86,33.0,417.3,5405.0,294.65,1440.7,3341.1
2025-12-05,11597.0,26075.0,2747.0,533.8,1798.2,1989.0,1011.0,750.25,1084.5,176.45,5625.0,163.47,132.78,196.64,33.0,418.65,5344.0,294.6,1459.5,3371.1
2025-12-08,11540.0,26135.0,2744.2,528.95,1796.0,1993.8,995.9,756.1,1057.3,173.57,5507.5,158.57,128.51,196.14,33.0,411.2,5320.5,279.9,1433.3,3348.4
2025-12-09,11414.0,26100.0,2746.0,533.05,1785.0,1968.0,999.5,784.5,1044.5,172.59,5548.0,153.26,129.21,202.07,33.0,419.65,5265.0,280.0,1428.4,3329.6
2025-12-10,11317.0,25885.0,2746.8,529.7,1782.3,1944.6,1020.8,767.75,1019.6,170.54,5481.5,159.36,127.35,199.97,33.0,419.9,5355.5,275.5,1392.4,3297.1
2025-12-11,11472.0,26080.0,2797.8,536.1,1778.9,1987.1,1028.0,777.8,1022.0,171.63,5604.0,162.42,128.45,198.26,33.0,419.45,5277.5,275.5,1406.7,3234.2
2025-12-12,11723.0,26285.0,2836.7,548.15,1771.7,2072.2,1055.0,780.0,1070.4,175.42,5724.5,165.55,130.75,198.32,33.0,419.5,5258.5,289.25,1416.4,3221.1
2025-12-15,11728.0,26625.0,2821.0,553.45,1777.6,2103.6,1063.3,790.3,1090.7,175.03,5666.0,163.15,128.69,200.53,33.0,419.4,5179.5,303.7,1430.6,3272.0
2025-12-16,11528.0,25990.0,2799.1,548.7,1771.4,2066.5,1049.9,781.4,1076.5,171.13,5624.0,165.49,127.6,199.92,33.0,415.6,5352.5,290.0,1462.9,3405.8
2025-12-17,11540.0,26045.0,2806.6,541.3,1758.9,2073.9,1053.3,766.4,1069.9,171.75,5597.0,161.32,125.18,200.1,33.0,419.65,5431.0,295.85,1428.9,3345.2
2025-12-18,11461.0,25645.0,2807.6,535.8,1754.9,2024.4,1064.0,762.4,1039.4,170.59,5448.5,160.69,125.02,198.82,33.0,408.6,5291.0,288.95,1407.9,3340.9
2025-12-19,11496.0,25600.0,2812.5,539.65,1751.5,2015.3,1050.3,783.95,1059.4,171.71,5419.5,161.7,134.74,198.15,33.0,419.6,5291.5,298.0,1423.6,3368.1
2025-12-22,11532.0,25710.0,2809.7,539.95,1782.5,2014.2,1060.2,775.1,1080.8,174.57,5415.0,163.52,129.79,195.85,33.0,418.8,5331.0,292.5,1408.1,3342.7
2025-12-23,11678.0,25940.0,2829.8,546.9,1754.2,2059.4,1048.5,786.0,1088.1,172.94,5614.5,171.01,151.9,198.59,33.0,418.8,5299.0,290.0,1417.0,3350.9
2025-12-24,11764.0,26145.0,2826.9,548.1,1739.4,2109.4,1060.4,792.1,1078.8,175.33,5692.0,171.11,143.05,197.69,33.0,409.9,5250.0,304.5,1396.6,3320.3
2025-12-26,11794.0,26420.0,2817.7,554.65,1735.3,2160.6,1063.2,775.9,1076.3,173.62,5685.5,171.16,138.25,196.65,33.0,411.4,5181.0,304.5,1390.0,3273.1
2025-12-29,11799.0,26275.0,2842.4,552.1,1725.2,2159.4,1057.0,769.9,1060.8,172.33,5728.5,170.19,135.49,197.75,33.0,414.4,5141.0,297.95,1372.0,3276.0
2025-12-30,11705.0,26340.0,2841.7,550.0,1732.1,2127.7,1048.0,770.3,1057.0,173.61,5491.5,169.97,135.15,198.74,33.0,407.05,5158.0,293.1,1360.3,3274.3
2025-12-31,11784.0,26575.0,2829.0,556.35,1737.7,2130.9,1056.6,778.1,1063.5,174.76,5531.0,170.87,135.94,201.07,33.0,399.9,5235.5,291.0,1388.5,3353.8
